zone,year_mean,length_interval,forest_area_change,forest_area_abs,wood_harvest_int_change,after_storm,human_pop_change,mechanisation_abs,mechanisation_period,grassland_area_change,grassland_area_abs,temperature_change,temperature_abs
CentralAlps,1933.5,8,0.668542805120826,32.081259884999,-0.0324555130999161,FALSE,0.450565302378096,0.0169046700387607,FALSE,-0.355674795203965,34.7420378743103,0.0157732492149557,-0.107940616990056
CentralAlps,1935.5,12,0.678199005956458,32.727930862303,0.0773562449400781,FALSE,0.450565302378159,0.023876992859034,FALSE,-0.328380634481942,34.0936409449225,-0.0655180162068344,-0.287277821112034
CentralAlps,1939.5,8,0.663703502373153,33.9413546134545,0.277929538175488,FALSE,0.527983183150825,0.042652992954755,FALSE,-0.205787507060747,32.9227524081872,0.0305980307229449,-0.219197105905978
CentralAlps,1945.5,8,0.438398272806484,35.10152171941,-0.146288098679804,FALSE,0.792833827899644,0.10329694973477,FALSE,-0.103864151123359,32.1107095183866,0.141379959141899,0.429552694629727
CentralAlps,1945.5,12,0.496110770507072,35.0302065349215,-0.0903736345733996,FALSE,0.790187551256806,0.103520524632699,FALSE,-0.103864151123364,32.1107095183866,0.141626549397961,0.188837647205509
CentralAlps,1951.5,8,0.437573766052127,35.6134470627122,0.0459581247705661,FALSE,1.00444390685627,0.212518657248914,FALSE,-0.103864151123361,31.4875246116464,-0.194438678284009,0.217290258826574
CentralAlps,1955.5,12,0.35355561859306,35.8385782433248,-0.0433614954841596,FALSE,1.0870524934598,0.362066429540985,FALSE,-0.072211400357907,31.1704667758369,0.0313764351812989,0.0537520382684956
CentralAlps,1957.5,8,0.29459575752353,35.942945656179,-0.0967337295121626,FALSE,1.11126471500676,0.442976161873424,FALSE,-0.0523219389555939,31.0119378579321,0.227048447462859,-0.0390114447238944
CentralAlps,1963.5,8,-0.302066926269438,35.9506250718654,-0.0385130541226487,FALSE,1.6058858123278,0.732847374462292,FALSE,-0.00810969235313823,30.7846226017335,-0.034523588573388,-0.100425962688201
CentralAlps,1965.5,12,0.119794801620565,35.970929847951,-0.0138664738291205,FALSE,1.45053775516709,0.809764130586277,FALSE,0.021686963603074,30.8626287886365,-0.018580515063863,-0.134311777737332
CentralAlps,1969.5,8,0.429843642219302,36.0435896445908,0.0307345819738184,FALSE,0.88623005660496,0.961265921486046,FALSE,-0.0324140789642629,30.8846385373777,-0.0234358279324425,-0.0942877131624402
CentralAlps,1975.5,8,0.346226182284774,36.3009190972272,-0.00355119734801924,FALSE,0.432363130678555,1.13651404555733,FALSE,0.119439804866008,30.7869857266713,-0.00480341988251245,0.010582226452749
CentralAlps,1975.5,12,0.360383160283646,36.3277250365482,-0.00384435914318202,FALSE,0.538915541238221,1.14376592128748,FALSE,0.0920682385105766,30.976968469257,-0.0186368518529323,-0.0908114814624481
CentralAlps,1981.5,8,0.395542933568705,36.6593683793048,0.0593353716207912,FALSE,1.12517588102629,1.38417310682683,FALSE,0.0235543000750206,31.5819182839056,0.0682127800613807,-0.0291049247642302
CentralAlps,1985.5,12,0.504564296259074,37.1048383032672,0.0320426998964764,FALSE,1.60773261358189,1.57791561143652,FALSE,-0.0759053183041195,31.4265627353788,0.106596966712375,0.350234627637992
CentralAlps,1987.5,8,0.563539737971913,37.3310555585805,0.00470820545998098,FALSE,2.0114863674913,1.67756344340366,FALSE,-0.0843582735499873,31.2792301679206,0.186600411356084,0.447250750728312
CentralAlps,1993.5,8,0.328203838871605,37.8653609755626,-0.0369605188198701,TRUE,1.89237308783944,1.80842676457917,FALSE,-0.0276666719418345,30.8924974007337,0.0125326605747651,0.973192676015534
CentralAlps,1995.5,12,0.379368786015836,37.9855519558582,-0.0642321766188563,TRUE,1.22430933415917,1.82928867504954,FALSE,0.0465254321389548,31.04595798183,0.0183004720653864,1.00837302873112
CentralAlps,1999.5,8,0.443646519408418,38.2265778811638,-0.0537567939063718,FALSE,0.71181332658884,1.88499988800202,FALSE,0.0996268271127566,31.2527292352279,0.152006913446305,1.19833396748643
CentralAlps,2005.5,8,0.519102569357624,38.7766152669814,0.108951780701633,FALSE,1.65626561925675,2.03082639772045,FALSE,-0.0305412235273185,31.3487046023953,-0.0263795070074145,1.30713477061441
CentralAlps,2005.5,12,0.499821729128458,38.8162529276173,0.108756709168004,FALSE,1.6634812369622,2.02953346448174,FALSE,-0.0433450469626053,31.2940039550523,-0.00480954386387558,1.28438685694215
CentralAlps,2011.5,8,0.572758746781901,39.7302462662412,-0.0211515137097667,FALSE,2.12571773207272,2.18728523920199,FALSE,0.0507464079421302,31.1701887789908,0.138789363233084,1.45621583146628
CentralAlps,2015.5,12,0.563386287967283,40.4283656950183,-0.0492731257501179,FALSE,1.64444179088699,2.30704873992228,FALSE,0.00976725052931435,31.1791380263694,0.0807220617738564,1.7217679354033
CentralAlps,2017.5,8,0.484204447037783,40.8538117473806,-0.0359369605831183,FALSE,1.34073492627847,2.37123963430654,FALSE,-0.0671304088940361,31.2571651067323,-0.0471710955366535,1.99387179786424
HighAlps,1933.5,8,0.371700206221429,13.8492734041713,-0.0224645057332212,FALSE,0.0441210637489296,0.00461612196768581,FALSE,-0.0381107559310799,29.5202678043583,-0.0290297113594079,-0.139281252604838
HighAlps,1935.5,12,0.415705236315345,14.0136475629932,0.0930528518089248,FALSE,0.044121063748936,0.00637515239725452,FALSE,-0.035907703444517,29.449127526457,-0.0759382132195031,-0.304414074990634
HighAlps,1939.5,8,0.446969953893385,14.3009258619799,0.334411798845539,FALSE,0.0559612976925821,0.0104920754673665,FALSE,-0.0260125798335902,29.3170094385765,0.0518076577069302,-0.261513654675314
HighAlps,1945.5,8,0.288108465963745,14.624948745314,-0.182958410487358,FALSE,0.0964673611840256,0.0206238657835255,FALSE,-0.0177858200872983,29.1950508161699,0.157465035765222,0.453534724074518
HighAlps,1945.5,12,0.342829146593116,14.6345977907762,-0.108895012354149,FALSE,0.0953171350847776,0.0206965763929235,FALSE,-0.0177858200873009,29.1950508161699,0.140684864320359,0.194703259360081
HighAlps,1951.5,8,0.379299450021452,14.89301351394,0.0101248583405722,FALSE,0.113831971011809,0.0384621932170093,FALSE,-0.0177858200872985,29.0883358956461,-0.199239213413778,0.254135225863662
HighAlps,1955.5,12,0.297973063508384,15.0395399116815,-0.0430109099078897,FALSE,0.120853071617363,0.0635944540263597,FALSE,-0.0118258554045658,29.0357203315932,0.030603321858013,0.079275576293326
HighAlps,1957.5,8,0.25102679508066,15.103357578281,-0.080213080145422,FALSE,0.123122578459478,0.0771267746091573,FALSE,-0.00808082583684027,29.0094125495668,0.202125794750745,-0.00468782845341824
HighAlps,1963.5,8,-0.207459916743284,15.1302067931718,-0.0232306789155236,FALSE,0.169485361091767,0.125080205952305,FALSE,-0.000796253386958813,28.9755121593467,-0.0165569184954296,-0.113394111094693
HighAlps,1965.5,12,0.122165134298237,15.1399479436158,-0.0173749069222972,FALSE,0.154706707458751,0.138074222346035,FALSE,0.00462923258054995,28.9905637897206,-0.00851970984789317,-0.14008413363181
HighAlps,1969.5,8,0.303352938916825,15.1677967666467,0.0274679456949181,FALSE,0.0918242102021895,0.163916212891218,FALSE,-0.00144247725975138,29.0017260332894,-0.00392699244315996,-0.135341757395274
HighAlps,1975.5,8,0.437548096161457,15.4658047650038,-0.0142514932916294,FALSE,0.0227969360915263,0.19638529450377,FALSE,0.014272155952644,28.9946839281515,0.0109986041199529,-0.090930097702962
HighAlps,1975.5,12,0.406250344800786,15.4805890082938,0.00115054652977926,FALSE,0.0362349497347437,0.197173441492135,FALSE,0.0110128889978216,29.0173528396893,-0.0138309265727908,-0.140239691757078
HighAlps,1981.5,8,0.548718870506635,16.1463758262553,0.0310956819899968,FALSE,0.0951501939583671,0.236657253669374,FALSE,-0.015709585790755,29.0579456107099,0.0611832124105107,-0.00589226495957854
HighAlps,1985.5,12,0.470799089776115,16.5755176581829,0.00944632170344872,FALSE,0.128671501450719,0.266709121422424,FALSE,-0.0737356413812047,28.8263589383001,0.11602098709774,0.409616035586497
HighAlps,1987.5,8,0.39258490149585,16.8041657365686,-0.0134615652842806,FALSE,0.16107609404669,0.282001449869395,FALSE,-0.0916576788585595,28.6878544459236,0.217847947575243,0.502962643478002
HighAlps,1993.5,8,0.25024344997697,16.982491016867,-0.0599347723987498,TRUE,0.149357353010817,0.304078083009906,FALSE,-0.067717651954918,28.196522935326,-0.00582833565972927,0.956987456677074
HighAlps,1995.5,12,0.290422733994747,17.0368954355444,0.0120636398580996,TRUE,0.0968122323022835,0.308264586024549,FALSE,-0.0489633658868745,28.1129188225872,0.000131017893776758,0.957609387639125
HighAlps,1999.5,8,0.324171491410839,17.1406480725521,0.0346724050829594,FALSE,0.0575193085238159,0.318379529106795,FALSE,-0.0276817151579818,27.9365556465688,0.127912939564682,1.0922232647513
HighAlps,2005.5,8,0.443367516381468,17.4665866210819,0.0626217573219646,TRUE,0.137451438672673,0.345223979324552,FALSE,-0.0442409903536635,27.7172329360747,-0.0258026916369351,1.19377296664582
HighAlps,2005.5,12,0.410603697157789,17.4762950082339,0.0359769931337131,TRUE,0.136694691668411,0.3450542910771,FALSE,-0.0474479731791525,27.7022733031255,-0.00112294345733495,1.15315970546116
HighAlps,2011.5,8,0.389649419490627,17.8844578278487,-0.0297236325092901,FALSE,0.17878837585475,0.37467269609005,FALSE,-0.0501637629205565,27.3975778049408,0.158099985830439,1.3206111564389
HighAlps,2015.5,12,0.38805293066391,18.1114031731706,-0.0394838152245595,FALSE,0.141934742686098,0.39551638591286,FALSE,-0.0310317727974492,27.2423225659758,0.0770593006334903,1.57373331009817
HighAlps,2017.5,8,0.335758862462175,18.2495965189503,-0.0286122791877789,FALSE,0.113615511548259,0.40678812214902,FALSE,-0.0209184323288662,27.1729572449869,-0.0405173202037391,1.81966234567473
Jura,1933.5,8,0.302768825820531,33.832769281488,0.000814949002501481,FALSE,0.166045596448209,0.108110620249779,FALSE,-0.0727589440684943,37.4881936465215,0.0445368197047668,-0.138274439605322
Jura,1935.5,12,0.300055564286921,33.8862269279365,0.148235463935394,FALSE,0.166045596448233,0.143812908077444,FALSE,-0.0872530094986286,37.3092458977957,-0.0633492259064888,-0.332721635984006
Jura,1939.5,8,0.233587146688916,33.9655923988972,0.490874294286374,FALSE,0.341081377444054,0.217259985367045,FALSE,-0.152353850232421,36.8844906791663,-0.00791507961447842,-0.297942422486373
Jura,1945.5,8,-0.171155034535471,33.9299576838655,-0.377682014408429,FALSE,0.93988799664038,0.348390630330707,FALSE,-0.206478386423891,35.7459099423895,0.162942007891312,0.428843969021757
Jura,1945.5,12,-0.285106682260943,33.9052125194148,-0.214937797213806,FALSE,0.934986232487089,0.355844669126652,FALSE,-0.206478386423894,35.7459099423895,0.149179284603261,0.169121082781902
Jura,1951.5,8,0.180426738022018,33.8533708337763,-0.0575903279089244,FALSE,1.4400757894172,0.595768655189709,TRUE,-0.206478386423893,34.5070396238462,-0.175560251142595,0.256535532085487
Jura,1955.5,12,0.292712134055344,33.886085326339,-0.0301560289096866,FALSE,1.59540065357958,0.90367748117732,TRUE,-0.0835975265419092,34.0631252730011,0.0247396468195895,0.0757348491961104
Jura,1957.5,8,0.266122862445826,33.9303774571075,-0.00250108711939006,FALSE,1.60603613243721,1.06594158130367,TRUE,-0.00638357007362374,33.8411680975786,0.219271165740575,-0.0323057845830808
Jura,1963.5,8,-0.19741676342505,33.9929840715562,0.107633435193538,FALSE,1.82330377196402,1.59316439386065,TRUE,0.00506101679209405,33.8735397366195,0.00114438993600416,-0.0958567440113562
Jura,1965.5,12,0.249688539732639,34.0329479865068,0.0324157463368453,FALSE,1.71803380311786,1.74660788169384,TRUE,-0.0163257372692878,33.8299820948787,-0.0129631244864271,-0.145252411303954
Jura,1969.5,8,0.392202524127433,34.1085736950359,0.0329783958620311,FALSE,1.09340133542784,2.04444602225688,TRUE,-0.0803114282909458,33.6905394029875,-0.0683878326778704,-0.140496060683009
Jura,1975.5,8,-0.316130462763375,34.0802492245681,-0.0267173871102335,FALSE,-0.440583565703536,2.39895336380264,TRUE,0.00749487727422004,33.3063500838499,0.0338391894248277,0.0186095249598787
Jura,1975.5,12,0.0792059905737618,34.1682049950724,0.0256447402823543,FALSE,-0.204912659807091,2.39785935383853,TRUE,-0.00904048496997736,33.3951678353088,0.000981967765481499,-0.0636839036593889
Jura,1981.5,8,0.446926563853758,34.4281476717339,0.0153033234031015,FALSE,0.271482323540125,2.72892746369108,TRUE,-0.106550301577244,33.2314498143843,0.0629011026051579,0.0414693493174121
Jura,1985.5,12,0.32697361385142,34.6380704222315,0.0476012096969593,FALSE,0.646412684580573,2.97498654635756,TRUE,-0.212476427039983,32.5061625238205,0.104989064214114,0.420463811150395
Jura,1987.5,8,0.311027959098275,34.7052513693092,0.00168945249563194,FALSE,0.923801249224215,3.09767348107692,TRUE,-0.230885469212532,32.092305927569,0.203498501808866,0.500300630851441
Jura,1993.5,8,0.571638853343784,35.2439337408781,-0.0409306997798235,FALSE,0.963094698316396,3.35211823774232,FALSE,0.187326601266351,31.9906103549722,-0.0232684354454341,1.01830002893762
Jura,1995.5,12,0.494484891500109,35.4395787329314,0.00513830210040375,FALSE,0.718975754629307,3.38276882726979,FALSE,0.156231617318629,32.2743359385706,0.0107843253143876,1.06162260312605
Jura,1999.5,8,0.0567697105706456,35.8459308566667,-0.0157000201508147,FALSE,0.505812675653254,3.44701993324538,FALSE,0.136582221825924,32.8957645335839,0.173432056428191,1.17022735836006
Jura,2005.5,8,0.331190682110143,36.0519526091815,0.151878228037007,TRUE,0.816666626139543,3.53672023301975,FALSE,0.0348025081745646,33.4845909161175,-0.0169249480784569,1.35042431220607
Jura,2005.5,12,0.350348703951051,36.0504677230894,0.0673237678296471,TRUE,0.833361122450252,3.52802610637775,FALSE,0.053371778193048,33.4321616578258,-0.00527623637673273,1.32880278778637
Jura,2011.5,8,0.437299139085688,36.3719543842332,-0.0982022597356447,FALSE,1.28598487887105,3.58685663882879,FALSE,-0.0338736669267164,33.5214270646442,0.139675861732574,1.46115323315869
Jura,2015.5,12,0.310399473499516,36.5328825255992,-0.0336671126301538,FALSE,1.07267351347371,3.61753357767318,FALSE,-0.040812404371177,33.3827962298437,0.0899676941482817,1.73990485518841
Jura,2017.5,8,0.130451714105656,36.6075377426475,0.0100634214192002,FALSE,0.829463181661992,3.63547125923939,FALSE,-0.0175026372754641,33.2783393056735,-0.0386984441210581,2.03718930556734
NorthernAlps,1933.5,8,0.384746345106277,29.8553838548306,0.0135106774434833,FALSE,0.352209249630941,0.0825714824234286,FALSE,0.0456686698300705,43.2475612559932,0.0309242922428461,-0.108033818340124
NorthernAlps,1935.5,12,0.395604008666661,29.9799382611425,0.128995981482988,FALSE,0.352209249630994,0.112783957205069,FALSE,0.0260358025568964,43.2936163372652,-0.0643163346761081,-0.294439261793224
NorthernAlps,1939.5,8,0.40759865587562,30.1937922123005,0.450021996282673,FALSE,0.469957255809636,0.1741879753294,FALSE,-0.0621462310940163,43.295161983033,0.000630131652672307,-0.247552525452934
NorthernAlps,1945.5,8,0.301589447921728,30.4103621489776,-0.320288945291895,FALSE,0.872779382210418,0.277503252150034,FALSE,-0.135460363722393,42.6182465758629,0.158868584269863,0.425380138834769
NorthernAlps,1945.5,12,0.330686291800059,30.4479332007866,-0.175815736635524,FALSE,0.857928284362627,0.283361178388409,FALSE,-0.135460363722396,42.618246575863,0.151659253041256,0.188792885993842
NorthernAlps,1951.5,8,0.419353616275894,30.768656202575,-0.0155955943822315,FALSE,0.976811563814321,0.476716863055258,TRUE,-0.135460363722395,41.8054843935286,-0.188945424714123,0.260577280922422
NorthernAlps,1955.5,12,0.364634637949874,30.9824919440484,-0.0174066481672905,FALSE,1.01969498436607,0.735991939459806,TRUE,-0.0432502031687356,41.5502962638384,0.0289644022568276,0.105102800416603
NorthernAlps,1957.5,8,0.349683744305266,31.0834582218282,-0.0199240797156483,FALSE,1.03424800025755,0.873010458559046,TRUE,0.0146913780487336,41.4227021989933,0.228668030542174,0.00402129782207503
NorthernAlps,1963.5,8,0.292982744944712,31.3255056229579,0.0193661499320813,FALSE,1.33154532490186,1.36860167187279,TRUE,0.0480401140194111,41.6049343480009,-0.0209360326818133,-0.091443172570099
NorthernAlps,1965.5,12,0.328893176252334,31.3989044819759,-0.0304067470996583,FALSE,1.25867375419841,1.51637635345248,TRUE,0.0513545917773777,41.7213680183705,-0.022690511201147,-0.148164272066148
NorthernAlps,1969.5,8,0.409289107527614,31.5603751288484,0.0134600424097551,FALSE,0.890514413837878,1.81566975617661,TRUE,-0.0274176795438126,41.8342433210175,-0.0616032265642317,-0.140409743621472
NorthernAlps,1975.5,8,0.359754246703677,31.8890952081965,0.00784264461037532,FALSE,-0.0324010723171419,2.25310456449672,TRUE,0.0796332491474396,41.6957002451679,0.0255813149914781,-0.0105202697643113
NorthernAlps,1975.5,12,0.396736595176437,31.9307823089119,0.043858364026255,FALSE,0.159470617585903,2.25546376447182,TRUE,0.0575649704193297,41.8434104885046,0.00165049100456007,-0.0958423315594881
NorthernAlps,1981.5,8,0.473187688890208,32.4049658282523,0.0483357606450766,FALSE,0.784581575799501,2.70512313233272,TRUE,-0.0157164251056224,42.1880588353844,0.0619176149809605,0.0278858234439558
NorthernAlps,1985.5,12,0.457026893719814,32.8072371350896,0.0731319272678175,FALSE,1.11952516978557,2.99457382993045,TRUE,-0.113315836134825,41.8702402322345,0.0963199707406343,0.383469698259405
NorthernAlps,1987.5,8,0.499989394044266,32.9691769706043,0.0947758334333067,FALSE,1.38286496610456,3.13776205637261,TRUE,-0.125443088476822,41.6506611143801,0.189607175069891,0.447795067667195
NorthernAlps,1993.5,8,0.45477274667237,33.620812584629,-0.157015324078551,TRUE,1.11434110400602,3.41939018620078,FALSE,-0.0369312750415349,41.2408215777834,-0.0117510285767766,0.954331332534265
NorthernAlps,1995.5,12,0.440462415975949,33.7825400483267,-0.0363188479015937,TRUE,0.874892328689442,3.46679713735544,FALSE,-0.0353329672041757,41.1773599049775,0.0165707138676186,1.00608024108247
NorthernAlps,1999.5,8,0.439627651831998,34.097817574732,0.215929175762738,FALSE,0.788714506975288,3.57322909350375,FALSE,-0.0398018447887461,41.0194207344256,0.170603957824,1.1573522937104
NorthernAlps,2005.5,8,0.557144227381588,34.8580179103305,-0.0430833512828625,TRUE,1.21839300030271,3.81841597723243,FALSE,-0.10190404130699,40.6078112364482,-0.0248078744087967,1.28604508059875
NorthernAlps,2005.5,12,0.510909571174253,34.8405125108303,-0.0580949077528613,TRUE,1.23626178671926,3.81768484134095,FALSE,-0.0878066403253803,40.6028791395832,-0.00948084507395928,1.26866684848521
NorthernAlps,2011.5,8,0.335394221605704,35.4437151036315,-0.094745912512264,FALSE,1.66690127685527,4.10703132959899,FALSE,-0.0673423302867093,40.1042215330693,0.141202769882576,1.41524076863856
NorthernAlps,2015.5,12,0.455757937318277,35.7920126940544,-0.0334739309306912,FALSE,1.46360767471652,4.32988904598679,FALSE,-0.0797391452851326,39.7899496986284,0.0892505424405242,1.70130019785395
NorthernAlps,2017.5,8,0.457947134803296,35.9912135300233,0.00950666038287324,FALSE,1.28604459451842,4.44710430779387,FALSE,-0.0834299142390029,39.633852243928,-0.0420858047577082,1.9966037043702
Plateau,1933.5,8,0.251517949815098,19.610395348232,0.012412643084975,FALSE,1.12605574013712,0.264630635301634,FALSE,-0.0842921244279266,42.1817024197962,0.0622512300713041,-0.167740406427971
Plateau,1935.5,12,0.281697889610692,19.6605341234043,0.127557568326968,FALSE,1.12605574013728,0.349732859452153,FALSE,-0.109227326306757,41.9556063343489,-0.0552587323977212,-0.354518549223158
Plateau,1939.5,8,0.267475103198056,19.7331935533641,0.438692194108445,FALSE,1.54770965228746,0.517968973622588,FALSE,-0.221225068693373,41.3883904902712,-0.0197324694995583,-0.311671855383311
Plateau,1945.5,8,-0.158278479848818,19.7397034721305,-0.342284717049333,FALSE,2.99020987806501,0.772444936253987,FALSE,-0.314339470793878,39.6748891752824,0.161086908951839,0.403498577437542
Plateau,1945.5,12,-0.166578934935571,19.7487890593699,-0.20281117400324,FALSE,2.97044873788005,0.790179132461974,FALSE,-0.314339470793878,39.6748891752824,0.150343301191823,0.148917056829923
Plateau,1951.5,8,0.201293760679613,19.7599599620549,-0.0394786395182366,FALSE,4.03513478344795,1.25977293793498,TRUE,-0.314339470793879,37.7888523505191,-0.162813682543507,0.253066653182534
Plateau,1955.5,12,0.270673706953255,19.8232651185818,-0.0115167306634283,FALSE,4.35711776988001,1.83005230165999,TRUE,-0.20666643872139,36.8662171540038,0.0254033648530565,0.093619431141362
Plateau,1957.5,8,0.302028595307866,19.856142377185,0.00689549627607052,FALSE,4.37641840170159,2.12976747895757,TRUE,-0.13900853968619,36.4048995557461,0.208632531969603,0.000190720828480804
Plateau,1963.5,8,0.201064403051423,19.9738954490528,0.0876199432826235,FALSE,4.7707027375033,3.06684987974825,TRUE,-0.118453324982407,35.6502275146369,-0.00739964930568949,-0.0711907469028778
Plateau,1965.5,12,0.228292118408535,19.998364287347,0.0836016464075609,FALSE,4.51626242892764,3.32845352337111,TRUE,-0.145981929079182,35.3528055611254,-0.0260098420867624,-0.142871355054771
Plateau,1969.5,8,0.26740853013656,20.0453589278282,0.102598192344845,TRUE,3.10428257036433,3.84117983498339,TRUE,-0.291575622306249,34.5992738855339,-0.0990637299420777,-0.166715174781519
Plateau,1975.5,8,0.331298242161845,20.209234851454,0.0213301143747989,TRUE,-0.389882647018696,4.47607502545504,TRUE,-0.130782339073783,32.9245177442857,0.0353832889976598,0.00586088221684521
Plateau,1975.5,12,0.335521661661282,20.234424092473,0.0537967517638469,TRUE,0.218312452999665,4.47642823685979,TRUE,-0.158236000788433,33.1420182045504,0.0199599557294543,-0.0734473687255486
Plateau,1981.5,8,0.377763488489325,20.4949993358901,-0.0440470526961049,FALSE,1.51777632571476,5.09094381477109,TRUE,-0.170695859678187,32.3822382470866,0.0662142730290951,0.0551761504592251
Plateau,1985.5,12,0.365830908086813,20.6959873968455,-0.0349592201493484,FALSE,2.1767451644536,5.55565884032906,TRUE,-0.258698526826271,31.4644433433807,0.0862995835184874,0.406358412312655
Plateau,1987.5,8,0.389919050610473,20.7846033567836,-0.103796703132708,FALSE,2.77437435592573,5.78690987620303,TRUE,-0.262255971482519,30.9481936660754,0.183197415034488,0.454389875995668
Plateau,1993.5,8,0.298553439280975,21.0450757353323,0.0504967044434592,TRUE,2.46239203466402,6.22373580228514,FALSE,0.108385167577702,30.5142189180882,-0.0327160569909167,0.954882296842064
Plateau,1995.5,12,0.332310675059296,21.128930543537,0.107911767990064,TRUE,2.19541633170076,6.26087231955924,FALSE,0.0746666425873548,30.6455479146301,0.0265618660660271,1.05284553383665
Plateau,1999.5,8,0.344224331376421,21.2724717895225,0.206964211291981,FALSE,2.55919074382653,6.34627592070877,FALSE,0.00842075943395513,30.8982955002324,0.200520069437995,1.18839436585338
Plateau,2005.5,8,0.231910465182862,21.3989615986757,0.00468222159562511,TRUE,3.95356129740984,6.54925372336929,FALSE,-0.0268034595754216,30.8163468488817,-0.0243159226657923,1.37361281178633
Plateau,2005.5,12,0.257197251517433,21.4014354886709,-0.0729665778702192,TRUE,4.0469803117096,6.54510051598616,FALSE,-0.00713315456569383,30.8341650642329,-0.0180306793360394,1.3610757993163
Plateau,2011.5,8,0.208828455239371,21.5044349130338,-0.142530892566379,FALSE,5.39086306614171,6.77249370830756,FALSE,-0.0562875361061192,30.7097904594358,0.124837940850129,1.44256058675524
Plateau,2015.5,12,0.260457064736418,21.583536241907,0.0347036845277076,FALSE,4.98548523826445,6.92984711824258,FALSE,-0.0976465582243361,30.3920790747058,0.0853225191724972,1.70625770617958
Plateau,2017.5,8,0.273451171190828,21.6171941312595,0.133683115663198,FALSE,4.48129406670052,7.01555299371427,FALSE,-0.093961829351473,30.1919678990681,-0.0358270419384792,1.98883821820277
SouthernAlps,1933.5,8,0.282875993308465,26.4811094760907,-0.0236257034591678,FALSE,0.132171161740487,0.0105016907171915,FALSE,0.0703968469807552,14.9520615500796,0.0110579256773313,-0.239204978730506
SouthernAlps,1935.5,12,0.512114059413733,26.8348592524658,0.074941746109119,FALSE,0.132171161740501,0.0151333138420186,FALSE,0.0495583994997097,15.0447923732381,-0.0465707805216286,-0.356802070347516
SouthernAlps,1939.5,8,0.653022653262639,27.3999653814034,0.260776303001081,FALSE,0.28285983622622,0.0276146422821184,FALSE,-0.0440385596931786,15.1341282779489,0.0818436169438415,-0.218897775142399
SouthernAlps,1945.5,8,0.352799845293849,28.210292114007,-0.0565845731193019,FALSE,0.798373722624807,0.0662944162351548,FALSE,-0.121854636231453,14.5471890729693,0.104395386660699,0.484382473073153
SouthernAlps,1945.5,12,0.531123109840054,28.4998102284259,-0.0556924325906978,FALSE,0.78469000630276,0.0661036247566322,FALSE,-0.121854636231454,14.5471890729694,0.108317762685905,0.218201380025867
SouthernAlps,1951.5,8,0.737853563497508,29.9180301939338,-0.100479464838218,FALSE,1.03858426873271,0.14589424484984,FALSE,-0.121854636231453,13.8160612555806,-0.160398679848131,0.274000516270937
SouthernAlps,1955.5,12,0.541104898435413,30.9562970224694,-0.0814459940566414,FALSE,1.16870246420883,0.271946906561557,FALSE,-0.160485297098629,13.2085517431764,0.0158265116295424,0.0730543362226461
SouthernAlps,1957.5,8,0.402965973272282,31.3795349734195,-0.0965593966354341,FALSE,1.23858907012986,0.340810709293922,FALSE,-0.184759428720135,12.9047969869743,0.141190744686412,-0.00178937217589488
SouthernAlps,1963.5,8,-0.292671754508028,31.4441580662039,-0.0654366525716765,FALSE,2.66627259109352,0.485086777522032,FALSE,-0.171124522853673,11.802592740435,0.00531600352121618,-0.127400443205192
SouthernAlps,1965.5,12,0.233203998628594,31.4895266008637,-0.0406422654456336,FALSE,2.59295009105702,0.51457909786546,FALSE,-0.152214477167603,11.5164449442071,-0.0111203122242785,-0.182323398765474
SouthernAlps,1969.5,8,0.406954883173847,31.5764673273848,-0.025113542255598,FALSE,2.15608960518299,0.575456814440019,FALSE,-0.159297847770382,10.898467844308,0.000903735154668334,-0.178447394911892
SouthernAlps,1975.5,8,1.00399637502656,34.7077471000503,-0.0245667172113568,FALSE,0.867835149445124,0.667167250626458,FALSE,-0.0429456173584404,10.1113196577875,-0.0229329696648238,-0.12670375750055
SouthernAlps,1975.5,12,0.888809288040886,34.6884539627739,-0.00803625033678321,FALSE,1.03492231703638,0.6631262592788,FALSE,-0.0549244427032297,10.2321930194682,-0.00950086840116708,-0.147717554022984
SouthernAlps,1981.5,8,1.31108376386059,42.906775034064,-0.0205107117747501,FALSE,1.05805051111013,0.749655219726219,FALSE,-0.0322515743906986,10.0742949451085,0.0511688203595043,-0.0832822305379368
SouthernAlps,1985.5,12,1.02328459085019,47.4816511964897,-0.0173348902962023,FALSE,1.08319238514015,0.836497753764455,FALSE,-0.0895416877166915,9.78341039775567,0.103725335763546,0.318258105501568
SouthernAlps,1987.5,8,0.465215816229554,50.1378630476202,0.000587996558508331,FALSE,1.24090714613428,0.883063721624388,FALSE,-0.0955577378606916,9.6039024942513,0.208743936841328,0.406754652880021
SouthernAlps,1993.5,8,-0.236925756171141,50.1632046724506,0.0227686659185783,FALSE,1.58581822359389,0.91056906386329,FALSE,0.0182519534171518,9.42424051973139,0.00727760906390199,0.933540926168566
SouthernAlps,1995.5,12,0.267324018751763,50.2312498038387,-0.00239811361558933,FALSE,1.16935969954716,0.915600837601798,FALSE,-0.0174110783210893,9.36456782593142,0.00520602585357625,0.93730142347688
SouthernAlps,1999.5,8,0.316973614175085,50.3199756594038,-0.0318780799257753,FALSE,0.981741530461132,0.926710121823259,FALSE,-0.0572124092047644,9.26953603995909,0.113867550115279,1.08087646417926
SouthernAlps,2005.5,8,0.361560523038911,50.5040114623254,0.0356540252640923,FALSE,1.57994467825021,0.970813196278178,FALSE,0.0284333636840859,9.19669930062534,0.000940423827272498,1.27379884951987
SouthernAlps,2005.5,12,0.340313033367845,50.5189543375078,0.036911408081499,FALSE,1.47264844808079,0.977345259807829,FALSE,0.0117757828646721,9.20515302686317,0.0111122507475019,1.21119458252147
SouthernAlps,2011.5,8,0.252322858933567,50.6916433131934,0.0228352490414327,FALSE,1.47792513222895,1.05931939187074,FALSE,0.00228853962500192,9.28974548699706,0.149049920239113,1.3897071703432
SouthernAlps,2015.5,12,0.234607588044231,50.7566836227018,0.00903670357976797,FALSE,0.713930705279073,1.13559222836599,FALSE,-0.0452146579806805,9.13296224585641,0.0719061459302297,1.64681076888423
SouthernAlps,2017.5,8,-0.152844543634854,50.8025585713813,-0.00342521595288992,FALSE,0.0142671085340794,1.17386996784174,FALSE,-0.0658299119280737,9.05438449028018,-0.034290178205537,1.8704333792886
