five_km2_ID,zone,biogeo12,height
2485000 / 1105000,Plateau,Genferseegebiet,369
2485000 / 1110000,Plateau,Genferseegebiet,391
2485000 / 1115000,Plateau,Genferseegebiet,431
2485000 / 1120000,Plateau,Genferseegebiet,427
2490000 / 1110000,Plateau,Genferseegebiet,439
2490000 / 1115000,Plateau,Genferseegebiet,409
2490000 / 1120000,Plateau,Genferseegebiet,441
2490000 / 1140000,Jura,Jura und Randen,1309
2495000 / 1110000,Plateau,Genferseegebiet,433
2495000 / 1115000,Plateau,Genferseegebiet,407
2495000 / 1120000,Plateau,Genferseegebiet,428
2495000 / 1125000,Plateau,Genferseegebiet,445
2495000 / 1130000,Plateau,Genferseegebiet,469
2495000 / 1135000,Jura,Jura und Randen,862
2495000 / 1140000,Jura,Jura und Randen,1330
2495000 / 1145000,Jura,Jura und Randen,1316
2495000 / 1150000,Jura,Jura und Randen,1305
2495000 / 1155000,Jura,Jura und Randen,1280
2495000 / 1160000,Jura,Jura und Randen,1328
2500000 / 1110000,Plateau,Genferseegebiet,423
2500000 / 1115000,Plateau,Genferseegebiet,408
2500000 / 1120000,Plateau,Genferseegebiet,387
2500000 / 1125000,Plateau,Genferseegebiet,394
2500000 / 1130000,Plateau,Genferseegebiet,436
2500000 / 1135000,Plateau,Genferseegebiet,497
2500000 / 1140000,Jura,Jura und Randen,773
2500000 / 1145000,Jura,Jura und Randen,1189
2500000 / 1150000,Jura,Jura und Randen,1375
2500000 / 1155000,Jura,Jura und Randen,1185
2500000 / 1160000,Jura,Jura und Randen,1253
2500000 / 1165000,Jura,Jura und Randen,1374
2505000 / 1115000,Plateau,Genferseegebiet,440
2505000 / 1120000,Plateau,Genferseegebiet,441
2505000 / 1125000,Plateau,Genferseegebiet,382
2505000 / 1130000,Plateau,Genferseegebiet,373
2505000 / 1135000,Plateau,Genferseegebiet,404
2505000 / 1140000,Plateau,Genferseegebiet,502
2505000 / 1145000,Jura,Jura und Randen,816
2505000 / 1150000,Jura,Jura und Randen,1215
2505000 / 1155000,Jura,Jura und Randen,1321
2505000 / 1160000,Jura,Jura und Randen,1121
2505000 / 1165000,Jura,Jura und Randen,1226
2510000 / 1115000,Plateau,Genferseegebiet,497
2510000 / 1120000,Plateau,Genferseegebiet,488
2510000 / 1135000,Plateau,Genferseegebiet,373
2510000 / 1140000,Plateau,Genferseegebiet,397
2510000 / 1145000,Plateau,Genferseegebiet,675
2510000 / 1150000,Jura,Jura und Randen,829
2510000 / 1155000,Jura,Jura und Randen,1300
2510000 / 1160000,Jura,Jura und Randen,1363
2510000 / 1165000,Jura,Jura und Randen,1089
2510000 / 1170000,Jura,Jura und Randen,1161
2515000 / 1135000,Plateau,Genferseegebiet,372
2515000 / 1140000,Plateau,Genferseegebiet,372
2515000 / 1145000,Plateau,Genferseegebiet,476
2515000 / 1150000,Plateau,Genferseegebiet,646
2515000 / 1155000,Jura,Jura und Randen,769
2515000 / 1160000,Jura,Jura und Randen,1053
2515000 / 1165000,Jura,Jura und Randen,1151
2515000 / 1170000,Jura,Jura und Randen,1031
2515000 / 1175000,Jura,Jura und Randen,944
2520000 / 1140000,Plateau,Genferseegebiet,372
2520000 / 1145000,Plateau,Genferseegebiet,404
2520000 / 1150000,Plateau,Genferseegebiet,535
2520000 / 1155000,Plateau,Genferseegebiet,629
2520000 / 1160000,Jura,Jura und Randen,646
2520000 / 1165000,Jura,Jura und Randen,829
2520000 / 1170000,Jura,Jura und Randen,943
2520000 / 1175000,Jura,Jura und Randen,995
2520000 / 1180000,Jura,Jura und Randen,1192
2520000 / 1185000,Jura,Jura und Randen,1102
2520000 / 1195000,Jura,Jura und Randen,1146
2525000 / 1140000,Plateau,Genferseegebiet,372
2525000 / 1145000,Plateau,Genferseegebiet,373
2525000 / 1150000,Plateau,Genferseegebiet,430
2525000 / 1155000,Plateau,Genferseegebiet,499
2525000 / 1160000,Plateau,Genferseegebiet,555
2525000 / 1165000,Plateau,Genferseegebiet,562
2525000 / 1170000,Jura,Jura und Randen,622
2525000 / 1175000,Jura,Jura und Randen,698
2525000 / 1180000,Jura,Jura und Randen,1103
2525000 / 1185000,Jura,Jura und Randen,1123
2525000 / 1190000,Jura,Jura und Randen,1105
2525000 / 1195000,Jura,Jura und Randen,1085
2525000 / 1200000,Jura,Jura und Randen,1155
2530000 / 1145000,Plateau,Genferseegebiet,372
2530000 / 1150000,Plateau,Genferseegebiet,395
2530000 / 1155000,Plateau,Genferseegebiet,479
2530000 / 1160000,Plateau,Genferseegebiet,535
2530000 / 1165000,Plateau,Westliches Mittelland,519
2530000 / 1170000,Plateau,Westliches Mittelland,467
2530000 / 1175000,Plateau,Westliches Mittelland,459
2530000 / 1180000,Plateau,Westliches Mittelland,596
2530000 / 1185000,Jura,Jura und Randen,1113
2530000 / 1190000,Jura,Jura und Randen,1121
2530000 / 1195000,Jura,Jura und Randen,1067
2530000 / 1200000,Jura,Jura und Randen,1094
2535000 / 1145000,Plateau,Genferseegebiet,372
2535000 / 1150000,Plateau,Genferseegebiet,471
2535000 / 1155000,Plateau,Genferseegebiet,658
2535000 / 1160000,Plateau,Westliches Mittelland,643
2535000 / 1165000,Plateau,Westliches Mittelland,622
2535000 / 1170000,Plateau,Westliches Mittelland,605
2535000 / 1175000,Plateau,Westliches Mittelland,494
2535000 / 1180000,Plateau,Westliches Mittelland,466
2535000 / 1185000,Jura,Jura und Randen,705
2535000 / 1190000,Jura,Jura und Randen,1183
2535000 / 1195000,Jura,Jura und Randen,923
2535000 / 1200000,Jura,Jura und Randen,1124
2535000 / 1205000,Jura,Jura und Randen,1074
2540000 / 1140000,Plateau,Genferseegebiet,372
2540000 / 1145000,Plateau,Genferseegebiet,377
2540000 / 1150000,Plateau,Genferseegebiet,630
2540000 / 1155000,Plateau,Genferseegebiet,836
2540000 / 1160000,Plateau,Westliches Mittelland,804
2540000 / 1165000,Plateau,Westliches Mittelland,688
2540000 / 1170000,Plateau,Westliches Mittelland,625
2540000 / 1175000,Plateau,Westliches Mittelland,575
2540000 / 1180000,Plateau,Westliches Mittelland,476
2540000 / 1185000,Jura,Jura und Randen,504
2540000 / 1190000,Jura,Jura und Randen,1115
2540000 / 1195000,Jura,Jura und Randen,1056
2540000 / 1200000,Jura,Jura und Randen,1065
2540000 / 1205000,Jura,Jura und Randen,1112
2540000 / 1210000,Jura,Jura und Randen,884
2540000 / 1215000,Jura,Jura und Randen,764
2545000 / 1110000,HighAlps,Nordalpen,2079
2545000 / 1130000,HighAlps,Nordalpen,1715
2545000 / 1135000,NorthernAlps,Nordalpen,402
2545000 / 1140000,Plateau,Genferseegebiet,372
2545000 / 1145000,Plateau,Genferseegebiet,447
2545000 / 1150000,Plateau,Westliches Mittelland,724
2545000 / 1155000,Plateau,Westliches Mittelland,805
2545000 / 1160000,Plateau,Westliches Mittelland,765
2545000 / 1165000,Plateau,Westliches Mittelland,731
2545000 / 1170000,Plateau,Westliches Mittelland,757
2545000 / 1175000,Plateau,Westliches Mittelland,679
2545000 / 1180000,Plateau,Westliches Mittelland,521
2545000 / 1185000,Plateau,Westliches Mittelland,431
2545000 / 1190000,Jura,Jura und Randen,583
2545000 / 1195000,Jura,Jura und Randen,1079
2545000 / 1200000,Jura,Jura und Randen,992
2545000 / 1205000,Jura,Jura und Randen,1118
2545000 / 1210000,Jura,Jura und Randen,1045
2545000 / 1215000,Jura,Jura und Randen,1011
2550000 / 1105000,HighAlps,Nordalpen,2286
2550000 / 1110000,HighAlps,Nordalpen,1679
2550000 / 1115000,HighAlps,Nordalpen,1809
2550000 / 1120000,HighAlps,Nordalpen,1541
2550000 / 1125000,HighAlps,Nordalpen,1583
2550000 / 1130000,HighAlps,Nordalpen,1637
2550000 / 1135000,NorthernAlps,Nordalpen,618
2550000 / 1140000,Plateau,Genferseegebiet,372
2550000 / 1145000,Plateau,Genferseegebiet,594
2550000 / 1150000,Plateau,Westliches Mittelland,737
2550000 / 1155000,Plateau,Westliches Mittelland,673
2550000 / 1160000,Plateau,Westliches Mittelland,684
2550000 / 1165000,Plateau,Westliches Mittelland,670
2550000 / 1170000,Plateau,Westliches Mittelland,636
2550000 / 1175000,Plateau,Westliches Mittelland,667
2550000 / 1180000,Plateau,Westliches Mittelland,633
2550000 / 1185000,Plateau,Westliches Mittelland,476
2550000 / 1190000,Plateau,Westliches Mittelland,430
2550000 / 1195000,Jura,Jura und Randen,536
2550000 / 1200000,Jura,Jura und Randen,771
2550000 / 1205000,Jura,Jura und Randen,1162
2550000 / 1210000,Jura,Jura und Randen,1125
2550000 / 1215000,Jura,Jura und Randen,1060
2550000 / 1220000,Jura,Jura und Randen,874
2555000 / 1095000,HighAlps,Westliche Zentralalpen,2564
2555000 / 1100000,HighAlps,Westliche Zentralalpen,2249
2555000 / 1105000,HighAlps,Nordalpen,2374
2555000 / 1110000,HighAlps,Nordalpen,1743
2555000 / 1115000,NorthernAlps,Nordalpen,1287
2555000 / 1120000,HighAlps,Nordalpen,1500
2555000 / 1125000,NorthernAlps,Nordalpen,991
2555000 / 1130000,NorthernAlps,Nordalpen,611
2555000 / 1135000,NorthernAlps,Nordalpen,389
2555000 / 1140000,Plateau,Genferseegebiet,404
2555000 / 1145000,NorthernAlps,Voralpen,717
2555000 / 1150000,NorthernAlps,Voralpen,815
2555000 / 1155000,Plateau,Westliches Mittelland,816
2555000 / 1160000,Plateau,Westliches Mittelland,859
2555000 / 1165000,Plateau,Westliches Mittelland,782
2555000 / 1170000,Plateau,Westliches Mittelland,696
2555000 / 1175000,Plateau,Westliches Mittelland,554
2555000 / 1180000,Plateau,Westliches Mittelland,534
2555000 / 1185000,Plateau,Westliches Mittelland,475
2555000 / 1190000,Plateau,Westliches Mittelland,446
2555000 / 1195000,Plateau,Westliches Mittelland,430
2555000 / 1200000,Jura,Jura und Randen,494
2555000 / 1205000,Jura,Jura und Randen,794
2555000 / 1210000,Jura,Jura und Randen,1107
2555000 / 1215000,Jura,Jura und Randen,1078
2555000 / 1220000,Jura,Jura und Randen,953
2555000 / 1225000,Jura,Jura und Randen,865
2555000 / 1240000,Jura,Jura und Randen,703
2555000 / 1245000,Jura,Jura und Randen,651
2560000 / 1090000,HighAlps,Westliche Zentralalpen,2925
2560000 / 1095000,HighAlps,Westliche Zentralalpen,2035
2560000 / 1100000,HighAlps,Westliche Zentralalpen,1720
2560000 / 1105000,HighAlps,Westliche Zentralalpen,2254
2560000 / 1110000,HighAlps,Nordalpen,2185
2560000 / 1115000,HighAlps,Nordalpen,1415
2560000 / 1120000,NorthernAlps,Nordalpen,566
2560000 / 1125000,NorthernAlps,Nordalpen,401
2560000 / 1130000,NorthernAlps,Nordalpen,689
2560000 / 1135000,NorthernAlps,Nordalpen,994
2560000 / 1140000,NorthernAlps,Voralpen,1080
2560000 / 1145000,NorthernAlps,Voralpen,1321
2560000 / 1150000,NorthernAlps,Voralpen,1170
2560000 / 1155000,NorthernAlps,Voralpen,1134
2560000 / 1160000,Plateau,Westliches Mittelland,878
2560000 / 1165000,Plateau,Westliches Mittelland,821
2560000 / 1170000,Plateau,Westliches Mittelland,743
2560000 / 1175000,Plateau,Westliches Mittelland,705
2560000 / 1180000,Plateau,Westliches Mittelland,557
2560000 / 1185000,Plateau,Westliches Mittelland,452
2560000 / 1190000,Plateau,Westliches Mittelland,469
2560000 / 1195000,Plateau,Westliches Mittelland,442
2560000 / 1200000,Plateau,Westliches Mittelland,431
2560000 / 1205000,Jura,Jura und Randen,760
2560000 / 1210000,Jura,Jura und Randen,845
2560000 / 1215000,Jura,Jura und Randen,1078
2560000 / 1220000,Jura,Jura und Randen,1065
2560000 / 1225000,Jura,Jura und Randen,1029
2560000 / 1230000,Jura,Jura und Randen,822
2560000 / 1235000,Jura,Jura und Randen,686
2560000 / 1245000,Jura,Jura und Randen,626
2560000 / 1250000,Jura,Jura und Randen,576
2560000 / 1255000,Jura,Jura und Randen,615
2565000 / 1085000,HighAlps,Westliche Zentralalpen,3226
2565000 / 1090000,HighAlps,Westliche Zentralalpen,3110
2565000 / 1095000,HighAlps,Westliche Zentralalpen,2256
2565000 / 1100000,HighAlps,Westliche Zentralalpen,1454
2565000 / 1105000,CentralAlps,Westliche Zentralalpen,1190
2565000 / 1110000,CentralAlps,Westliche Zentralalpen,995
2565000 / 1115000,NorthernAlps,Nordalpen,803
2565000 / 1120000,NorthernAlps,Nordalpen,575
2565000 / 1125000,NorthernAlps,Nordalpen,884
2565000 / 1130000,NorthernAlps,Nordalpen,1231
2565000 / 1135000,HighAlps,Nordalpen,1670
2565000 / 1140000,HighAlps,Nordalpen,1470
2565000 / 1145000,NorthernAlps,Nordalpen,1241
2565000 / 1150000,HighAlps,Voralpen,1401
2565000 / 1155000,NorthernAlps,Voralpen,1246
2565000 / 1160000,NorthernAlps,Voralpen,876
2565000 / 1165000,Plateau,Westliches Mittelland,958
2565000 / 1170000,Plateau,Westliches Mittelland,838
2565000 / 1175000,Plateau,Westliches Mittelland,701
2565000 / 1180000,Plateau,Westliches Mittelland,635
2565000 / 1185000,Plateau,Westliches Mittelland,555
2565000 / 1190000,Plateau,Westliches Mittelland,446
2565000 / 1195000,Plateau,Westliches Mittelland,486
2565000 / 1200000,Plateau,Westliches Mittelland,431
2565000 / 1205000,Plateau,Westliches Mittelland,474
2565000 / 1210000,Jura,Jura und Randen,885
2565000 / 1215000,Jura,Jura und Randen,1142
2565000 / 1220000,Jura,Jura und Randen,1013
2565000 / 1225000,Jura,Jura und Randen,1090
2565000 / 1230000,Jura,Jura und Randen,992
2565000 / 1235000,Jura,Jura und Randen,827
2565000 / 1240000,Jura,Jura und Randen,731
2565000 / 1245000,Jura,Jura und Randen,629
2565000 / 1250000,Jura,Jura und Randen,557
2565000 / 1255000,Jura,Jura und Randen,491
2565000 / 1260000,Jura,Jura und Randen,418
2570000 / 1075000,HighAlps,Westliche Zentralalpen,2729
2570000 / 1080000,HighAlps,Westliche Zentralalpen,2307
2570000 / 1085000,HighAlps,Westliche Zentralalpen,2193
2570000 / 1090000,HighAlps,Westliche Zentralalpen,2264
2570000 / 1095000,HighAlps,Westliche Zentralalpen,1977
2570000 / 1100000,CentralAlps,Westliche Zentralalpen,1159
2570000 / 1105000,CentralAlps,Westliche Zentralalpen,597
2570000 / 1110000,HighAlps,Westliche Zentralalpen,1758
2570000 / 1115000,HighAlps,Nordalpen,2177
2570000 / 1120000,HighAlps,Nordalpen,1409
2570000 / 1125000,HighAlps,Nordalpen,1444
2570000 / 1130000,HighAlps,Nordalpen,1461
2570000 / 1135000,HighAlps,Nordalpen,1593
2570000 / 1140000,HighAlps,Nordalpen,1418
2570000 / 1145000,NorthernAlps,Nordalpen,1255
2570000 / 1150000,NorthernAlps,Voralpen,1067
2570000 / 1155000,NorthernAlps,Voralpen,894
2570000 / 1160000,NorthernAlps,Voralpen,732
2570000 / 1165000,NorthernAlps,Voralpen,735
2570000 / 1170000,Plateau,Westliches Mittelland,781
2570000 / 1175000,Plateau,Westliches Mittelland,676
2570000 / 1180000,Plateau,Westliches Mittelland,654
2570000 / 1185000,Plateau,Westliches Mittelland,614
2570000 / 1190000,Plateau,Westliches Mittelland,509
2570000 / 1195000,Plateau,Westliches Mittelland,440
2570000 / 1200000,Plateau,Westliches Mittelland,457
2570000 / 1205000,Plateau,Westliches Mittelland,461
2570000 / 1210000,Jura,Jura und Randen,577
2570000 / 1215000,Jura,Jura und Randen,951
2570000 / 1220000,Jura,Jura und Randen,1189
2570000 / 1225000,Jura,Jura und Randen,977
2570000 / 1230000,Jura,Jura und Randen,1012
2570000 / 1235000,Jura,Jura und Randen,899
2570000 / 1240000,Jura,Jura und Randen,674
2570000 / 1245000,Jura,Jura und Randen,642
2570000 / 1250000,Jura,Jura und Randen,475
2570000 / 1255000,Plateau,Hochrheingebiet,456
2570000 / 1260000,Plateau,Hochrheingebiet,454
2575000 / 1075000,HighAlps,Westliche Zentralalpen,2566
2575000 / 1080000,HighAlps,Westliche Zentralalpen,2454
2575000 / 1085000,HighAlps,Westliche Zentralalpen,2388
2575000 / 1090000,HighAlps,Westliche Zentralalpen,1693
2575000 / 1095000,CentralAlps,Westliche Zentralalpen,1358
2575000 / 1100000,CentralAlps,Westliche Zentralalpen,1154
2575000 / 1105000,CentralAlps,Westliche Zentralalpen,996
2575000 / 1110000,CentralAlps,Westliche Zentralalpen,1069
2575000 / 1115000,HighAlps,Westliche Zentralalpen,1926
2575000 / 1120000,HighAlps,Nordalpen,2230
2575000 / 1125000,HighAlps,Nordalpen,1907
2575000 / 1130000,HighAlps,Nordalpen,1450
2575000 / 1135000,HighAlps,Nordalpen,1858
2575000 / 1140000,HighAlps,Nordalpen,1462
2575000 / 1145000,NorthernAlps,Nordalpen,1242
2575000 / 1150000,HighAlps,Nordalpen,1740
2575000 / 1155000,HighAlps,Voralpen,1469
2575000 / 1160000,NorthernAlps,Voralpen,1021
2575000 / 1165000,NorthernAlps,Voralpen,1126
2575000 / 1170000,NorthernAlps,Voralpen,902
2575000 / 1175000,Plateau,Westliches Mittelland,731
2575000 / 1180000,Plateau,Westliches Mittelland,633
2575000 / 1185000,Plateau,Westliches Mittelland,592
2575000 / 1190000,Plateau,Westliches Mittelland,580
2575000 / 1195000,Plateau,Westliches Mittelland,506
2575000 / 1200000,Plateau,Westliches Mittelland,434
2575000 / 1205000,Plateau,Westliches Mittelland,477
2575000 / 1210000,Plateau,Westliches Mittelland,445
2575000 / 1215000,Jura,Jura und Randen,804
2575000 / 1220000,Jura,Jura und Randen,1196
2575000 / 1225000,Jura,Jura und Randen,876
2575000 / 1230000,Jura,Jura und Randen,1014
2575000 / 1235000,Jura,Jura und Randen,947
2575000 / 1240000,Jura,Jura und Randen,708
2575000 / 1245000,Jura,Jura und Randen,631
2575000 / 1250000,Plateau,Hochrheingebiet,490
2575000 / 1255000,Plateau,Hochrheingebiet,459
2575000 / 1260000,Plateau,Hochrheingebiet,468
2580000 / 1075000,HighAlps,Westliche Zentralalpen,2590
2580000 / 1080000,HighAlps,Westliche Zentralalpen,2470
2580000 / 1085000,HighAlps,Westliche Zentralalpen,2151
2580000 / 1090000,HighAlps,Westliche Zentralalpen,2121
2580000 / 1095000,HighAlps,Westliche Zentralalpen,2104
2580000 / 1100000,CentralAlps,Westliche Zentralalpen,1248
2580000 / 1105000,HighAlps,Westliche Zentralalpen,1766
2580000 / 1110000,CentralAlps,Westliche Zentralalpen,711
2580000 / 1115000,CentralAlps,Westliche Zentralalpen,1047
2580000 / 1120000,HighAlps,Westliche Zentralalpen,2024
2580000 / 1125000,HighAlps,Westliche Zentralalpen,2167
2580000 / 1130000,HighAlps,Nordalpen,2019
2580000 / 1135000,HighAlps,Nordalpen,1760
2580000 / 1140000,HighAlps,Nordalpen,1779
2580000 / 1145000,NorthernAlps,Nordalpen,1350
2580000 / 1150000,HighAlps,Nordalpen,1582
2580000 / 1155000,HighAlps,Nordalpen,1558
2580000 / 1160000,NorthernAlps,Nordalpen,1290
2580000 / 1165000,NorthernAlps,Voralpen,1328
2580000 / 1170000,NorthernAlps,Voralpen,1213
2580000 / 1175000,Plateau,Westliches Mittelland,798
2580000 / 1180000,Plateau,Westliches Mittelland,710
2580000 / 1185000,Plateau,Westliches Mittelland,646
2580000 / 1190000,Plateau,Westliches Mittelland,554
2580000 / 1195000,Plateau,Westliches Mittelland,517
2580000 / 1200000,Plateau,Westliches Mittelland,478
2580000 / 1205000,Plateau,Westliches Mittelland,451
2580000 / 1210000,Plateau,Westliches Mittelland,457
2580000 / 1215000,Plateau,Westliches Mittelland,511
2580000 / 1220000,Jura,Jura und Randen,872
2580000 / 1225000,Jura,Jura und Randen,899
2580000 / 1230000,Jura,Jura und Randen,885
2580000 / 1235000,Jura,Jura und Randen,831
2580000 / 1240000,Jura,Jura und Randen,640
2580000 / 1245000,Jura,Jura und Randen,736
2580000 / 1250000,Jura,Jura und Randen,603
2580000 / 1255000,Plateau,Hochrheingebiet,462
2580000 / 1260000,Plateau,Hochrheingebiet,438
2585000 / 1080000,HighAlps,Westliche Zentralalpen,3013
2585000 / 1085000,HighAlps,Westliche Zentralalpen,3179
2585000 / 1090000,HighAlps,Westliche Zentralalpen,2974
2585000 / 1095000,HighAlps,Westliche Zentralalpen,2011
2585000 / 1100000,HighAlps,Westliche Zentralalpen,2211
2585000 / 1105000,HighAlps,Westliche Zentralalpen,2244
2585000 / 1110000,HighAlps,Westliche Zentralalpen,1590
2585000 / 1115000,CentralAlps,Westliche Zentralalpen,595
2585000 / 1120000,CentralAlps,Westliche Zentralalpen,1324
2585000 / 1125000,HighAlps,Westliche Zentralalpen,2113
2585000 / 1130000,HighAlps,Nordalpen,2251
2585000 / 1135000,HighAlps,Nordalpen,1541
2585000 / 1140000,HighAlps,Nordalpen,1448
2585000 / 1145000,NorthernAlps,Nordalpen,1224
2585000 / 1150000,HighAlps,Nordalpen,1553
2585000 / 1155000,HighAlps,Voralpen,1598
2585000 / 1160000,HighAlps,Nordalpen,1423
2585000 / 1165000,HighAlps,Voralpen,1402
2585000 / 1170000,NorthernAlps,Voralpen,1229
2585000 / 1175000,NorthernAlps,Voralpen,889
2585000 / 1180000,Plateau,Westliches Mittelland,793
2585000 / 1185000,Plateau,Westliches Mittelland,697
2585000 / 1190000,Plateau,Westliches Mittelland,591
2585000 / 1195000,Plateau,Westliches Mittelland,595
2585000 / 1200000,Plateau,Westliches Mittelland,545
2585000 / 1205000,Plateau,Westliches Mittelland,545
2585000 / 1210000,Plateau,Westliches Mittelland,450
2585000 / 1215000,Plateau,Westliches Mittelland,460
2585000 / 1220000,Plateau,Westliches Mittelland,540
2585000 / 1225000,Jura,Jura und Randen,943
2585000 / 1230000,Jura,Jura und Randen,906
2585000 / 1235000,Jura,Jura und Randen,892
2585000 / 1240000,Jura,Jura und Randen,595
2585000 / 1245000,Jura,Jura und Randen,711
2585000 / 1250000,Jura,Jura und Randen,713
2590000 / 1080000,HighAlps,Westliche Zentralalpen,3004
2590000 / 1085000,HighAlps,Westliche Zentralalpen,2781
2590000 / 1090000,HighAlps,Westliche Zentralalpen,2570
2590000 / 1095000,HighAlps,Westliche Zentralalpen,2512
2590000 / 1100000,HighAlps,Westliche Zentralalpen,2840
2590000 / 1105000,HighAlps,Westliche Zentralalpen,2454
2590000 / 1110000,HighAlps,Westliche Zentralalpen,1852
2590000 / 1115000,CentralAlps,Westliche Zentralalpen,843
2590000 / 1120000,CentralAlps,Westliche Zentralalpen,903
2590000 / 1125000,HighAlps,Westliche Zentralalpen,1814
2590000 / 1130000,HighAlps,Westliche Zentralalpen,2610
2590000 / 1135000,HighAlps,Nordalpen,1906
2590000 / 1140000,HighAlps,Nordalpen,1689
2590000 / 1145000,HighAlps,Nordalpen,1650
2590000 / 1150000,HighAlps,Voralpen,1439
2590000 / 1155000,HighAlps,Voralpen,1441
2590000 / 1160000,HighAlps,Voralpen,1425
2590000 / 1165000,HighAlps,Voralpen,1677
2590000 / 1170000,NorthernAlps,Voralpen,1231
2590000 / 1175000,NorthernAlps,Voralpen,1140
2590000 / 1180000,Plateau,Westliches Mittelland,912
2590000 / 1185000,Plateau,Westliches Mittelland,738
2590000 / 1190000,Plateau,Westliches Mittelland,639
2590000 / 1195000,Plateau,Westliches Mittelland,610
2590000 / 1200000,Plateau,Westliches Mittelland,584
2590000 / 1205000,Plateau,Westliches Mittelland,673
2590000 / 1210000,Plateau,Westliches Mittelland,511
2590000 / 1215000,Plateau,Westliches Mittelland,465
2590000 / 1220000,Plateau,Westliches Mittelland,452
2590000 / 1225000,Jura,Jura und Randen,880
2590000 / 1230000,Jura,Jura und Randen,898
2590000 / 1235000,Jura,Jura und Randen,864
2590000 / 1240000,Jura,Jura und Randen,563
2590000 / 1245000,Jura,Jura und Randen,552
2590000 / 1250000,Jura,Jura und Randen,658
2595000 / 1080000,HighAlps,Westliche Zentralalpen,2914
2595000 / 1085000,HighAlps,Westliche Zentralalpen,2775
2595000 / 1090000,HighAlps,Westliche Zentralalpen,3225
2595000 / 1095000,HighAlps,Westliche Zentralalpen,2846
2595000 / 1100000,HighAlps,Westliche Zentralalpen,2663
2595000 / 1105000,HighAlps,Westliche Zentralalpen,2168
2595000 / 1110000,HighAlps,Westliche Zentralalpen,1471
2595000 / 1115000,CentralAlps,Westliche Zentralalpen,1049
2595000 / 1120000,CentralAlps,Westliche Zentralalpen,709
2595000 / 1125000,HighAlps,Westliche Zentralalpen,1464
2595000 / 1130000,HighAlps,Westliche Zentralalpen,2315
2595000 / 1135000,HighAlps,Nordalpen,2191
2595000 / 1140000,HighAlps,Nordalpen,1729
2595000 / 1145000,HighAlps,Nordalpen,1473
2595000 / 1150000,NorthernAlps,Nordalpen,1388
2595000 / 1155000,HighAlps,Voralpen,1445
2595000 / 1160000,NorthernAlps,Voralpen,1311
2595000 / 1165000,NorthernAlps,Voralpen,1395
2595000 / 1170000,HighAlps,Voralpen,1539
2595000 / 1175000,NorthernAlps,Voralpen,1290
2595000 / 1180000,NorthernAlps,Voralpen,841
2595000 / 1185000,Plateau,Westliches Mittelland,802
2595000 / 1190000,Plateau,Westliches Mittelland,744
2595000 / 1195000,Plateau,Westliches Mittelland,601
2595000 / 1200000,Plateau,Westliches Mittelland,561
2595000 / 1205000,Plateau,Westliches Mittelland,609
2595000 / 1210000,Plateau,Westliches Mittelland,531
2595000 / 1215000,Plateau,Westliches Mittelland,524
2595000 / 1220000,Plateau,Westliches Mittelland,467
2595000 / 1225000,Jura,Jura und Randen,579
2595000 / 1230000,Jura,Jura und Randen,1085
2595000 / 1235000,Jura,Jura und Randen,781
2595000 / 1240000,Jura,Jura und Randen,599
2595000 / 1245000,Jura,Jura und Randen,545
2595000 / 1250000,Jura,Jura und Randen,597
2595000 / 1255000,Jura,Jura und Randen,535
2595000 / 1260000,Plateau,Hochrheingebiet,432
2600000 / 1085000,HighAlps,Westliche Zentralalpen,3090
2600000 / 1090000,HighAlps,Westliche Zentralalpen,3047
2600000 / 1095000,HighAlps,Westliche Zentralalpen,2432
2600000 / 1100000,HighAlps,Westliche Zentralalpen,2448
2600000 / 1105000,HighAlps,Westliche Zentralalpen,1903
2600000 / 1110000,HighAlps,Westliche Zentralalpen,1960
2600000 / 1115000,HighAlps,Westliche Zentralalpen,1970
2600000 / 1120000,CentralAlps,Westliche Zentralalpen,812
2600000 / 1125000,CentralAlps,Westliche Zentralalpen,1249
2600000 / 1130000,HighAlps,Westliche Zentralalpen,2071
2600000 / 1135000,HighAlps,Nordalpen,2391
2600000 / 1140000,HighAlps,Nordalpen,1483
2600000 / 1145000,HighAlps,Nordalpen,1826
2600000 / 1150000,HighAlps,Nordalpen,1855
2600000 / 1155000,HighAlps,Nordalpen,1606
2600000 / 1160000,HighAlps,Voralpen,1590
2600000 / 1165000,NorthernAlps,Voralpen,1081
2600000 / 1170000,HighAlps,Voralpen,1598
2600000 / 1175000,NorthernAlps,Voralpen,1140
2600000 / 1180000,Plateau,Westliches Mittelland,864
2600000 / 1185000,Plateau,Westliches Mittelland,816
2600000 / 1190000,Plateau,Westliches Mittelland,745
2600000 / 1195000,Plateau,Westliches Mittelland,571
2600000 / 1200000,Plateau,Westliches Mittelland,564
2600000 / 1205000,Plateau,Westliches Mittelland,557
2600000 / 1210000,Plateau,Westliches Mittelland,560
2600000 / 1215000,Plateau,Westliches Mittelland,522
2600000 / 1220000,Plateau,Westliches Mittelland,546
2600000 / 1225000,Plateau,Westliches Mittelland,461
2600000 / 1230000,Jura,Jura und Randen,903
2600000 / 1235000,Jura,Jura und Randen,899
2600000 / 1240000,Jura,Jura und Randen,649
2600000 / 1245000,Jura,Jura und Randen,615
2600000 / 1250000,Jura,Jura und Randen,497
2600000 / 1255000,Jura,Jura und Randen,568
2600000 / 1260000,Plateau,Hochrheingebiet,394
2600000 / 1265000,Plateau,Hochrheingebiet,346
2605000 / 1085000,HighAlps,Westliche Zentralalpen,3204
2605000 / 1090000,HighAlps,Westliche Zentralalpen,3074
2605000 / 1095000,HighAlps,Westliche Zentralalpen,2834
2605000 / 1100000,HighAlps,Westliche Zentralalpen,2198
2605000 / 1105000,HighAlps,Westliche Zentralalpen,2486
2605000 / 1110000,HighAlps,Westliche Zentralalpen,2543
2605000 / 1115000,HighAlps,Westliche Zentralalpen,2178
2605000 / 1120000,CentralAlps,Westliche Zentralalpen,1217
2605000 / 1125000,CentralAlps,Westliche Zentralalpen,730
2605000 / 1130000,HighAlps,Westliche Zentralalpen,1866
2605000 / 1135000,HighAlps,Nordalpen,2744
2605000 / 1140000,HighAlps,Nordalpen,2193
2605000 / 1145000,HighAlps,Nordalpen,1628
2605000 / 1150000,HighAlps,Nordalpen,1911
2605000 / 1155000,HighAlps,Nordalpen,1864
2605000 / 1160000,NorthernAlps,Voralpen,1322
2605000 / 1165000,NorthernAlps,Voralpen,1081
2605000 / 1170000,NorthernAlps,Voralpen,1349
2605000 / 1175000,NorthernAlps,Voralpen,670
2605000 / 1180000,Plateau,Westliches Mittelland,596
2605000 / 1185000,Plateau,Westliches Mittelland,619
2605000 / 1190000,Plateau,Westliches Mittelland,584
2605000 / 1195000,Plateau,Westliches Mittelland,608
2605000 / 1200000,Plateau,Westliches Mittelland,700
2605000 / 1205000,Plateau,Westliches Mittelland,593
2605000 / 1210000,Plateau,Westliches Mittelland,517
2605000 / 1215000,Plateau,Westliches Mittelland,489
2605000 / 1220000,Plateau,Westliches Mittelland,478
2605000 / 1225000,Plateau,Westliches Mittelland,462
2605000 / 1230000,Jura,Jura und Randen,750
2605000 / 1235000,Jura,Jura und Randen,903
2605000 / 1240000,Jura,Jura und Randen,904
2605000 / 1245000,Jura,Jura und Randen,597
2605000 / 1250000,Jura,Jura und Randen,411
2605000 / 1255000,Jura,Jura und Randen,487
2605000 / 1260000,Plateau,Hochrheingebiet,341
2605000 / 1265000,Plateau,Hochrheingebiet,303
2610000 / 1090000,HighAlps,Westliche Zentralalpen,3139
2610000 / 1095000,HighAlps,Westliche Zentralalpen,3162
2610000 / 1100000,HighAlps,Westliche Zentralalpen,2973
2610000 / 1105000,HighAlps,Westliche Zentralalpen,2471
2610000 / 1110000,HighAlps,Westliche Zentralalpen,1992
2610000 / 1115000,HighAlps,Westliche Zentralalpen,1773
2610000 / 1120000,HighAlps,Westliche Zentralalpen,1899
2610000 / 1125000,CentralAlps,Westliche Zentralalpen,881
2610000 / 1130000,HighAlps,Westliche Zentralalpen,1572
2610000 / 1135000,HighAlps,Westliche Zentralalpen,2279
2610000 / 1140000,HighAlps,Nordalpen,2345
2610000 / 1145000,HighAlps,Nordalpen,1983
2610000 / 1150000,HighAlps,Nordalpen,1499
2610000 / 1155000,HighAlps,Nordalpen,1512
2610000 / 1160000,HighAlps,Nordalpen,1748
2610000 / 1165000,NorthernAlps,Voralpen,1042
2610000 / 1170000,NorthernAlps,Voralpen,787
2610000 / 1175000,Plateau,Westliches Mittelland,575
2610000 / 1180000,Plateau,Westliches Mittelland,600
2610000 / 1185000,Plateau,Westliches Mittelland,640
2610000 / 1190000,Plateau,Westliches Mittelland,706
2610000 / 1195000,Plateau,Westliches Mittelland,736
2610000 / 1200000,Plateau,Westliches Mittelland,813
2610000 / 1205000,Plateau,Westliches Mittelland,672
2610000 / 1210000,Plateau,Westliches Mittelland,547
2610000 / 1215000,Plateau,Westliches Mittelland,511
2610000 / 1220000,Plateau,Westliches Mittelland,471
2610000 / 1225000,Plateau,Westliches Mittelland,444
2610000 / 1230000,Jura,Jura und Randen,519
2610000 / 1235000,Jura,Jura und Randen,780
2610000 / 1240000,Jura,Jura und Randen,912
2610000 / 1245000,Jura,Jura und Randen,719
2610000 / 1250000,Jura,Jura und Randen,597
2610000 / 1255000,Jura,Jura und Randen,412
2610000 / 1260000,Plateau,Hochrheingebiet,330
2610000 / 1265000,Plateau,Hochrheingebiet,266
2610000 / 1270000,Plateau,Hochrheingebiet,254
2615000 / 1085000,HighAlps,Westliche Zentralalpen,3195
2615000 / 1090000,HighAlps,Westliche Zentralalpen,2818
2615000 / 1095000,HighAlps,Westliche Zentralalpen,3066
2615000 / 1100000,HighAlps,Westliche Zentralalpen,2978
2615000 / 1105000,HighAlps,Westliche Zentralalpen,2707
2615000 / 1110000,HighAlps,Westliche Zentralalpen,2655
2615000 / 1115000,HighAlps,Westliche Zentralalpen,2559
2615000 / 1120000,HighAlps,Westliche Zentralalpen,2416
2615000 / 1125000,CentralAlps,Westliche Zentralalpen,940
2615000 / 1130000,HighAlps,Westliche Zentralalpen,1818
2615000 / 1135000,HighAlps,Westliche Zentralalpen,2342
2615000 / 1140000,HighAlps,Nordalpen,2567
2615000 / 1145000,HighAlps,Nordalpen,1709
2615000 / 1150000,HighAlps,Nordalpen,1576
2615000 / 1155000,NorthernAlps,Nordalpen,1243
2615000 / 1160000,NorthernAlps,Voralpen,1063
2615000 / 1165000,NorthernAlps,Voralpen,1026
2615000 / 1170000,NorthernAlps,Voralpen,593
2615000 / 1175000,NorthernAlps,Voralpen,836
2615000 / 1180000,NorthernAlps,Voralpen,801
2615000 / 1185000,Plateau,Westliches Mittelland,967
2615000 / 1190000,Plateau,Westliches Mittelland,825
2615000 / 1195000,Plateau,Westliches Mittelland,899
2615000 / 1200000,NorthernAlps,Voralpen,768
2615000 / 1205000,Plateau,Westliches Mittelland,647
2615000 / 1210000,Plateau,Westliches Mittelland,687
2615000 / 1215000,Plateau,Westliches Mittelland,589
2615000 / 1220000,Plateau,Westliches Mittelland,516
2615000 / 1225000,Plateau,Westliches Mittelland,472
2615000 / 1230000,Plateau,Westliches Mittelland,464
2615000 / 1235000,Jura,Jura und Randen,694
2615000 / 1240000,Jura,Jura und Randen,711
2615000 / 1245000,Jura,Jura und Randen,832
2615000 / 1250000,Jura,Jura und Randen,602
2615000 / 1255000,Jura,Jura und Randen,581
2615000 / 1260000,Plateau,Hochrheingebiet,397
2615000 / 1265000,Plateau,Hochrheingebiet,339
2615000 / 1270000,Plateau,Hochrheingebiet,321
2620000 / 1085000,HighAlps,Westliche Zentralalpen,3324
2620000 / 1090000,HighAlps,Westliche Zentralalpen,2494
2620000 / 1095000,HighAlps,Westliche Zentralalpen,2370
2620000 / 1100000,HighAlps,Westliche Zentralalpen,2937
2620000 / 1105000,HighAlps,Westliche Zentralalpen,3321
2620000 / 1110000,HighAlps,Westliche Zentralalpen,2893
2620000 / 1115000,HighAlps,Westliche Zentralalpen,2514
2620000 / 1120000,HighAlps,Westliche Zentralalpen,2244
2620000 / 1125000,CentralAlps,Westliche Zentralalpen,1086
2620000 / 1130000,HighAlps,Westliche Zentralalpen,1762
2620000 / 1135000,HighAlps,Westliche Zentralalpen,2199
2620000 / 1140000,HighAlps,Nordalpen,2349
2620000 / 1145000,HighAlps,Nordalpen,2445
2620000 / 1150000,HighAlps,Nordalpen,2178
2620000 / 1155000,HighAlps,Nordalpen,1501
2620000 / 1160000,NorthernAlps,Nordalpen,1340
2620000 / 1165000,NorthernAlps,Voralpen,762
2620000 / 1170000,NorthernAlps,Voralpen,841
2620000 / 1175000,NorthernAlps,Voralpen,1183
2620000 / 1180000,NorthernAlps,Voralpen,954
2620000 / 1185000,NorthernAlps,Voralpen,962
2620000 / 1190000,NorthernAlps,Voralpen,922
2620000 / 1195000,NorthernAlps,Voralpen,771
2620000 / 1200000,NorthernAlps,Voralpen,721
2620000 / 1205000,NorthernAlps,Voralpen,717
2620000 / 1210000,Plateau,Westliches Mittelland,767
2620000 / 1215000,Plateau,Westliches Mittelland,721
2620000 / 1220000,Plateau,Westliches Mittelland,596
2620000 / 1225000,Plateau,Westliches Mittelland,486
2620000 / 1230000,Plateau,Westliches Mittelland,455
2620000 / 1235000,Plateau,Westliches Mittelland,516
2620000 / 1240000,Jura,Jura und Randen,737
2620000 / 1245000,Jura,Jura und Randen,777
2620000 / 1250000,Jura,Jura und Randen,531
2620000 / 1255000,Jura,Jura und Randen,417
2620000 / 1260000,Plateau,Hochrheingebiet,368
2620000 / 1265000,Plateau,Hochrheingebiet,291
2625000 / 1085000,HighAlps,Westliche Zentralalpen,3272
2625000 / 1090000,HighAlps,Westliche Zentralalpen,2701
2625000 / 1095000,HighAlps,Westliche Zentralalpen,2509
2625000 / 1100000,HighAlps,Westliche Zentralalpen,2159
2625000 / 1105000,HighAlps,Westliche Zentralalpen,2108
2625000 / 1110000,HighAlps,Westliche Zentralalpen,1902
2625000 / 1115000,HighAlps,Westliche Zentralalpen,2166
2625000 / 1120000,HighAlps,Westliche Zentralalpen,2195
2625000 / 1125000,CentralAlps,Westliche Zentralalpen,1031
2625000 / 1130000,HighAlps,Westliche Zentralalpen,2006
2625000 / 1135000,HighAlps,Westliche Zentralalpen,2257
2625000 / 1140000,HighAlps,Westliche Zentralalpen,2380
2625000 / 1145000,HighAlps,Nordalpen,2862
2625000 / 1150000,HighAlps,Nordalpen,2363
2625000 / 1155000,HighAlps,Nordalpen,2151
2625000 / 1160000,HighAlps,Nordalpen,1762
2625000 / 1165000,NorthernAlps,Nordalpen,825
2625000 / 1170000,NorthernAlps,Voralpen,1273
2625000 / 1175000,HighAlps,Voralpen,1572
2625000 / 1180000,NorthernAlps,Voralpen,1189
2625000 / 1185000,NorthernAlps,Voralpen,990
2625000 / 1190000,NorthernAlps,Voralpen,887
2625000 / 1195000,NorthernAlps,Voralpen,818
2625000 / 1200000,NorthernAlps,Voralpen,892
2625000 / 1205000,NorthernAlps,Voralpen,901
2625000 / 1210000,Plateau,Westliches Mittelland,810
2625000 / 1215000,Plateau,Westliches Mittelland,697
2625000 / 1220000,Plateau,Westliches Mittelland,611
2625000 / 1225000,Plateau,Westliches Mittelland,528
2625000 / 1230000,Plateau,Westliches Mittelland,454
2625000 / 1235000,Plateau,Westliches Mittelland,438
2625000 / 1240000,Jura,Jura und Randen,634
2625000 / 1245000,Jura,Jura und Randen,772
2625000 / 1250000,Jura,Jura und Randen,542
2625000 / 1255000,Jura,Jura und Randen,486
2625000 / 1260000,Plateau,Hochrheingebiet,449
2625000 / 1265000,Plateau,Hochrheingebiet,314
2625000 / 1270000,Plateau,Hochrheingebiet,286
2630000 / 1085000,HighAlps,Westliche Zentralalpen,3823
2630000 / 1090000,HighAlps,Westliche Zentralalpen,3228
2630000 / 1095000,HighAlps,Westliche Zentralalpen,3193
2630000 / 1100000,HighAlps,Westliche Zentralalpen,3461
2630000 / 1105000,HighAlps,Westliche Zentralalpen,3477
2630000 / 1110000,HighAlps,Westliche Zentralalpen,2636
2630000 / 1115000,HighAlps,Westliche Zentralalpen,1568
2630000 / 1120000,HighAlps,Westliche Zentralalpen,1409
2630000 / 1125000,CentralAlps,Westliche Zentralalpen,975
2630000 / 1130000,HighAlps,Westliche Zentralalpen,1918
2630000 / 1135000,HighAlps,Westliche Zentralalpen,2802
2630000 / 1140000,HighAlps,Westliche Zentralalpen,2290
2630000 / 1145000,HighAlps,Westliche Zentralalpen,2789
2630000 / 1150000,HighAlps,Nordalpen,2026
2630000 / 1155000,HighAlps,Nordalpen,2160
2630000 / 1160000,HighAlps,Nordalpen,1806
2630000 / 1165000,NorthernAlps,Nordalpen,883
2630000 / 1170000,NorthernAlps,Nordalpen,926
2630000 / 1175000,HighAlps,Nordalpen,1462
2630000 / 1180000,NorthernAlps,Voralpen,1377
2630000 / 1185000,NorthernAlps,Voralpen,1060
2630000 / 1190000,NorthernAlps,Voralpen,1038
2630000 / 1195000,NorthernAlps,Voralpen,903
2630000 / 1200000,NorthernAlps,Voralpen,1024
2630000 / 1205000,NorthernAlps,Voralpen,1075
2630000 / 1210000,Plateau,Westliches Mittelland,883
2630000 / 1215000,Plateau,Westliches Mittelland,713
2630000 / 1220000,Plateau,Westliches Mittelland,669
2630000 / 1225000,Plateau,Westliches Mittelland,569
2630000 / 1230000,Plateau,Westliches Mittelland,501
2630000 / 1235000,Plateau,Westliches Mittelland,445
2630000 / 1240000,Plateau,Westliches Mittelland,485
2630000 / 1245000,Jura,Jura und Randen,686
2630000 / 1250000,Jura,Jura und Randen,596
2630000 / 1255000,Jura,Jura und Randen,510
2630000 / 1260000,Jura,Jura und Randen,525
2630000 / 1265000,Plateau,Hochrheingebiet,357
2630000 / 1270000,Plateau,Hochrheingebiet,294
2635000 / 1090000,HighAlps,Westliche Zentralalpen,3329
2635000 / 1095000,HighAlps,Westliche Zentralalpen,3138
2635000 / 1100000,HighAlps,Westliche Zentralalpen,2732
2635000 / 1105000,HighAlps,Westliche Zentralalpen,2138
2635000 / 1110000,HighAlps,Westliche Zentralalpen,2139
2635000 / 1115000,HighAlps,Westliche Zentralalpen,2236
2635000 / 1120000,HighAlps,Westliche Zentralalpen,1818
2635000 / 1125000,CentralAlps,Westliche Zentralalpen,1133
2635000 / 1130000,HighAlps,Westliche Zentralalpen,2132
2635000 / 1135000,HighAlps,Westliche Zentralalpen,2697
2635000 / 1140000,HighAlps,Westliche Zentralalpen,2873
2635000 / 1145000,HighAlps,Westliche Zentralalpen,3053
2635000 / 1150000,HighAlps,Nordalpen,2469
2635000 / 1155000,HighAlps,Nordalpen,1710
2635000 / 1160000,HighAlps,Nordalpen,1422
2635000 / 1165000,HighAlps,Nordalpen,1503
2635000 / 1170000,NorthernAlps,Nordalpen,803
2635000 / 1175000,HighAlps,Nordalpen,1440
2635000 / 1180000,NorthernAlps,Nordalpen,1358
2635000 / 1185000,NorthernAlps,Voralpen,1348
2635000 / 1190000,NorthernAlps,Voralpen,1046
2635000 / 1195000,NorthernAlps,Voralpen,997
2635000 / 1200000,NorthernAlps,Voralpen,1052
2635000 / 1205000,NorthernAlps,Voralpen,1050
2635000 / 1210000,NorthernAlps,Voralpen,809
2635000 / 1215000,Plateau,Westliches Mittelland,692
2635000 / 1220000,Plateau,Westliches Mittelland,654
2635000 / 1225000,Plateau,Westliches Mittelland,610
2635000 / 1230000,Plateau,Westliches Mittelland,517
2635000 / 1235000,Plateau,Westliches Mittelland,456
2635000 / 1240000,Plateau,Westliches Mittelland,473
2635000 / 1245000,Jura,Jura und Randen,502
2635000 / 1250000,Jura,Jura und Randen,689
2635000 / 1255000,Jura,Jura und Randen,583
2635000 / 1260000,Jura,Jura und Randen,513
2635000 / 1265000,Plateau,Hochrheingebiet,349
2640000 / 1090000,HighAlps,Westliche Zentralalpen,2813
2640000 / 1095000,HighAlps,Westliche Zentralalpen,2676
2640000 / 1100000,HighAlps,Westliche Zentralalpen,2548
2640000 / 1105000,HighAlps,Westliche Zentralalpen,2851
2640000 / 1110000,HighAlps,Westliche Zentralalpen,3118
2640000 / 1115000,HighAlps,Südalpen,2522
2640000 / 1120000,HighAlps,Westliche Zentralalpen,2204
2640000 / 1125000,CentralAlps,Westliche Zentralalpen,1283
2640000 / 1130000,CentralAlps,Westliche Zentralalpen,1287
2640000 / 1135000,HighAlps,Westliche Zentralalpen,2126
2640000 / 1140000,HighAlps,Westliche Zentralalpen,2870
2640000 / 1145000,HighAlps,Westliche Zentralalpen,3200
2640000 / 1150000,HighAlps,Westliche Zentralalpen,3270
2640000 / 1155000,HighAlps,Nordalpen,2951
2640000 / 1160000,HighAlps,Nordalpen,1484
2640000 / 1165000,HighAlps,Nordalpen,1935
2640000 / 1170000,HighAlps,Nordalpen,1480
2640000 / 1175000,NorthernAlps,Nordalpen,818
2640000 / 1180000,HighAlps,Nordalpen,1551
2640000 / 1185000,HighAlps,Nordalpen,1407
2640000 / 1190000,NorthernAlps,Nordalpen,1210
2640000 / 1195000,NorthernAlps,Nordalpen,943
2640000 / 1200000,NorthernAlps,Voralpen,913
2640000 / 1205000,NorthernAlps,Voralpen,937
2640000 / 1210000,NorthernAlps,Voralpen,841
2640000 / 1215000,Plateau,Westliches Mittelland,644
2640000 / 1220000,Plateau,Westliches Mittelland,541
2640000 / 1225000,Plateau,Westliches Mittelland,541
2640000 / 1230000,Plateau,Westliches Mittelland,586
2640000 / 1235000,Plateau,Westliches Mittelland,572
2640000 / 1240000,Plateau,Westliches Mittelland,476
2640000 / 1245000,Plateau,Westliches Mittelland,428
2640000 / 1250000,Jura,Jura und Randen,627
2640000 / 1255000,Jura,Jura und Randen,534
2640000 / 1260000,Jura,Jura und Randen,425
2640000 / 1265000,Plateau,Hochrheingebiet,323
2645000 / 1095000,HighAlps,Westliche Zentralalpen,2949
2645000 / 1100000,HighAlps,Westliche Zentralalpen,3134
2645000 / 1105000,HighAlps,Südalpen,2746
2645000 / 1110000,HighAlps,Südalpen,2207
2645000 / 1115000,HighAlps,Südalpen,2004
2645000 / 1120000,HighAlps,Westliche Zentralalpen,2419
2645000 / 1125000,HighAlps,Westliche Zentralalpen,1781
2645000 / 1130000,HighAlps,Westliche Zentralalpen,1515
2645000 / 1135000,HighAlps,Westliche Zentralalpen,1756
2645000 / 1140000,HighAlps,Westliche Zentralalpen,2425
2645000 / 1145000,HighAlps,Westliche Zentralalpen,2779
2645000 / 1150000,HighAlps,Westliche Zentralalpen,3207
2645000 / 1155000,HighAlps,Nordalpen,2873
2645000 / 1160000,HighAlps,Nordalpen,1731
2645000 / 1165000,HighAlps,Nordalpen,1903
2645000 / 1170000,HighAlps,Nordalpen,2054
2645000 / 1175000,NorthernAlps,Nordalpen,805
2645000 / 1180000,HighAlps,Nordalpen,1622
2645000 / 1185000,HighAlps,Nordalpen,1513
2645000 / 1190000,HighAlps,Nordalpen,1524
2645000 / 1195000,NorthernAlps,Nordalpen,1343
2645000 / 1200000,NorthernAlps,Nordalpen,898
2645000 / 1205000,NorthernAlps,Voralpen,775
2645000 / 1210000,NorthernAlps,Voralpen,690
2645000 / 1215000,Plateau,Östliches Mittelland,592
2645000 / 1220000,Plateau,Westliches Mittelland,584
2645000 / 1225000,Plateau,Westliches Mittelland,533
2645000 / 1230000,Plateau,Östliches Mittelland,577
2645000 / 1235000,Plateau,Östliches Mittelland,544
2645000 / 1240000,Plateau,Westliches Mittelland,503
2645000 / 1245000,Plateau,Westliches Mittelland,410
2645000 / 1250000,Jura,Jura und Randen,511
2645000 / 1255000,Jura,Jura und Randen,531
2645000 / 1260000,Jura,Jura und Randen,479
2645000 / 1265000,Plateau,Hochrheingebiet,392
2650000 / 1105000,HighAlps,Südalpen,2185
2650000 / 1110000,HighAlps,Südalpen,1867
2650000 / 1115000,HighAlps,Südalpen,1824
2650000 / 1120000,HighAlps,Südalpen,3028
2650000 / 1125000,HighAlps,Westliche Zentralalpen,2498
2650000 / 1130000,HighAlps,Westliche Zentralalpen,2251
2650000 / 1135000,CentralAlps,Westliche Zentralalpen,1339
2650000 / 1140000,HighAlps,Westliche Zentralalpen,1964
2650000 / 1145000,HighAlps,Westliche Zentralalpen,2747
2650000 / 1150000,HighAlps,Westliche Zentralalpen,3158
2650000 / 1155000,HighAlps,Nordalpen,3063
2650000 / 1160000,HighAlps,Nordalpen,2985
2650000 / 1165000,HighAlps,Nordalpen,2299
2650000 / 1170000,HighAlps,Nordalpen,1875
2650000 / 1175000,NorthernAlps,Nordalpen,894
2650000 / 1180000,NorthernAlps,Nordalpen,1399
2650000 / 1185000,NorthernAlps,Nordalpen,1107
2650000 / 1190000,HighAlps,Nordalpen,1434
2650000 / 1195000,HighAlps,Nordalpen,1411
2650000 / 1200000,NorthernAlps,Voralpen,1130
2650000 / 1205000,NorthernAlps,Voralpen,789
2650000 / 1210000,Plateau,Östliches Mittelland,687
2650000 / 1215000,Plateau,Östliches Mittelland,687
2650000 / 1220000,Plateau,Östliches Mittelland,540
2650000 / 1225000,Plateau,Östliches Mittelland,639
2650000 / 1230000,Plateau,Östliches Mittelland,710
2650000 / 1235000,Plateau,Östliches Mittelland,571
2650000 / 1240000,Plateau,Östliches Mittelland,521
2650000 / 1245000,Plateau,Westliches Mittelland,436
2650000 / 1250000,Jura,Jura und Randen,424
2650000 / 1255000,Jura,Jura und Randen,504
2650000 / 1260000,Plateau,Hochrheingebiet,539
2650000 / 1265000,Plateau,Hochrheingebiet,457
2650000 / 1270000,Plateau,Hochrheingebiet,373
2655000 / 1110000,HighAlps,Südalpen,2183
2655000 / 1115000,HighAlps,Südalpen,1545
2655000 / 1125000,HighAlps,Westliche Zentralalpen,2615
2655000 / 1130000,HighAlps,Westliche Zentralalpen,2038
2655000 / 1135000,HighAlps,Westliche Zentralalpen,1926
2655000 / 1140000,HighAlps,Westliche Zentralalpen,1702
2655000 / 1145000,HighAlps,Westliche Zentralalpen,2450
2655000 / 1150000,HighAlps,Westliche Zentralalpen,2985
2655000 / 1155000,HighAlps,Nordalpen,2644
2655000 / 1160000,HighAlps,Nordalpen,2690
2655000 / 1165000,HighAlps,Nordalpen,1956
2655000 / 1170000,NorthernAlps,Nordalpen,1217
2655000 / 1175000,NorthernAlps,Nordalpen,1189
2655000 / 1180000,NorthernAlps,Nordalpen,1338
2655000 / 1185000,NorthernAlps,Nordalpen,741
2655000 / 1190000,NorthernAlps,Nordalpen,845
2655000 / 1195000,NorthernAlps,Nordalpen,1362
2655000 / 1200000,HighAlps,Voralpen,1405
2655000 / 1205000,NorthernAlps,Voralpen,857
2655000 / 1210000,Plateau,Östliches Mittelland,610
2655000 / 1215000,Plateau,Östliches Mittelland,585
2655000 / 1220000,Plateau,Östliches Mittelland,631
2655000 / 1225000,Plateau,Östliches Mittelland,710
2655000 / 1230000,Plateau,Östliches Mittelland,582
2655000 / 1235000,Plateau,Östliches Mittelland,550
2655000 / 1240000,Plateau,Östliches Mittelland,525
2655000 / 1245000,Plateau,Östliches Mittelland,462
2655000 / 1250000,Plateau,Östliches Mittelland,429
2655000 / 1255000,Plateau,Östliches Mittelland,388
2655000 / 1260000,Plateau,Hochrheingebiet,432
2655000 / 1265000,Plateau,Hochrheingebiet,452
2655000 / 1270000,Plateau,Hochrheingebiet,351
2660000 / 1130000,HighAlps,Westliche Zentralalpen,2472
2660000 / 1135000,HighAlps,Westliche Zentralalpen,2350
2660000 / 1140000,HighAlps,Westliche Zentralalpen,2273
2660000 / 1145000,HighAlps,Westliche Zentralalpen,1692
2660000 / 1150000,HighAlps,Westliche Zentralalpen,2397
2660000 / 1155000,HighAlps,Nordalpen,2470
2660000 / 1160000,HighAlps,Nordalpen,2493
2660000 / 1165000,HighAlps,Nordalpen,1822
2660000 / 1170000,NorthernAlps,Nordalpen,1261
2660000 / 1175000,HighAlps,Nordalpen,1846
2660000 / 1180000,HighAlps,Nordalpen,1736
2660000 / 1185000,NorthernAlps,Nordalpen,1380
2660000 / 1190000,NorthernAlps,Nordalpen,640
2660000 / 1195000,NorthernAlps,Nordalpen,598
2660000 / 1200000,NorthernAlps,Nordalpen,1212
2660000 / 1205000,NorthernAlps,Voralpen,826
2660000 / 1210000,Plateau,Östliches Mittelland,510
2660000 / 1215000,Plateau,Östliches Mittelland,526
2660000 / 1220000,Plateau,Östliches Mittelland,585
2660000 / 1225000,Plateau,Östliches Mittelland,542
2660000 / 1230000,Plateau,Östliches Mittelland,609
2660000 / 1235000,Plateau,Östliches Mittelland,641
2660000 / 1240000,Plateau,Östliches Mittelland,499
2660000 / 1245000,Plateau,Östliches Mittelland,456
2660000 / 1250000,Plateau,Östliches Mittelland,410
2660000 / 1255000,Plateau,Östliches Mittelland,439
2660000 / 1260000,Plateau,Hochrheingebiet,452
2660000 / 1265000,Plateau,Hochrheingebiet,395
2660000 / 1270000,Plateau,Hochrheingebiet,382
2665000 / 1135000,HighAlps,Westliche Zentralalpen,2654
2665000 / 1140000,HighAlps,Westliche Zentralalpen,2771
2665000 / 1145000,HighAlps,Westliche Zentralalpen,2218
2665000 / 1150000,HighAlps,Westliche Zentralalpen,1789
2665000 / 1155000,HighAlps,Nordalpen,2221
2665000 / 1160000,HighAlps,Nordalpen,1995
2665000 / 1165000,HighAlps,Nordalpen,2149
2665000 / 1170000,HighAlps,Nordalpen,1932
2665000 / 1175000,HighAlps,Nordalpen,1703
2665000 / 1180000,HighAlps,Nordalpen,2018
2665000 / 1185000,HighAlps,Nordalpen,1555
2665000 / 1190000,HighAlps,Nordalpen,1452
2665000 / 1195000,NorthernAlps,Nordalpen,968
2665000 / 1200000,NorthernAlps,Nordalpen,531
2665000 / 1205000,NorthernAlps,Voralpen,471
2665000 / 1210000,Plateau,Östliches Mittelland,480
2665000 / 1215000,Plateau,Östliches Mittelland,438
2665000 / 1220000,Plateau,Östliches Mittelland,504
2665000 / 1225000,Plateau,Östliches Mittelland,629
2665000 / 1230000,Plateau,Östliches Mittelland,664
2665000 / 1235000,Plateau,Östliches Mittelland,498
2665000 / 1240000,Plateau,Östliches Mittelland,431
2665000 / 1245000,Plateau,Östliches Mittelland,458
2665000 / 1250000,Plateau,Östliches Mittelland,525
2665000 / 1255000,Plateau,Östliches Mittelland,468
2665000 / 1260000,Plateau,Hochrheingebiet,501
2665000 / 1265000,Plateau,Hochrheingebiet,492
2665000 / 1270000,Plateau,Hochrheingebiet,328
2670000 / 1140000,HighAlps,Westliche Zentralalpen,2595
2670000 / 1145000,HighAlps,Westliche Zentralalpen,2410
2670000 / 1150000,HighAlps,Westliche Zentralalpen,2118
2670000 / 1155000,HighAlps,Westliche Zentralalpen,2290
2670000 / 1160000,HighAlps,Westliche Zentralalpen,2821
2670000 / 1165000,HighAlps,Nordalpen,2973
2670000 / 1170000,HighAlps,Nordalpen,2511
2670000 / 1175000,HighAlps,Nordalpen,1944
2670000 / 1180000,HighAlps,Nordalpen,1928
2670000 / 1185000,NorthernAlps,Nordalpen,1270
2670000 / 1190000,NorthernAlps,Nordalpen,1051
2670000 / 1195000,NorthernAlps,Nordalpen,922
2670000 / 1200000,NorthernAlps,Nordalpen,590
2670000 / 1205000,NorthernAlps,Nordalpen,505
2670000 / 1210000,Plateau,Östliches Mittelland,512
2670000 / 1215000,Plateau,Östliches Mittelland,566
2670000 / 1220000,Plateau,Östliches Mittelland,456
2670000 / 1225000,Plateau,Östliches Mittelland,436
2670000 / 1230000,Plateau,Östliches Mittelland,415
2670000 / 1235000,Plateau,Östliches Mittelland,419
2670000 / 1240000,Plateau,Östliches Mittelland,526
2670000 / 1245000,Plateau,Östliches Mittelland,524
2670000 / 1250000,Plateau,Östliches Mittelland,440
2670000 / 1255000,Plateau,Östliches Mittelland,531
2670000 / 1260000,Plateau,Hochrheingebiet,543
2670000 / 1265000,Plateau,Hochrheingebiet,461
2670000 / 1275000,Plateau,Hochrheingebiet,421
2670000 / 1280000,Plateau,Hochrheingebiet,490
2670000 / 1285000,Plateau,Hochrheingebiet,492
2675000 / 1120000,HighAlps,Südalpen,2109
2675000 / 1125000,HighAlps,Südalpen,1958
2675000 / 1130000,HighAlps,Südalpen,2338
2675000 / 1135000,HighAlps,Südalpen,2562
2675000 / 1140000,HighAlps,Südalpen,2721
2675000 / 1145000,HighAlps,Südalpen,2204
2675000 / 1150000,HighAlps,Westliche Zentralalpen,2575
2675000 / 1155000,HighAlps,Östliche Zentralalpen,2435
2675000 / 1160000,HighAlps,Östliche Zentralalpen,2615
2675000 / 1165000,HighAlps,Nordalpen,2473
2675000 / 1170000,HighAlps,Nordalpen,2708
2675000 / 1175000,HighAlps,Nordalpen,2311
2675000 / 1180000,HighAlps,Nordalpen,1932
2675000 / 1185000,HighAlps,Nordalpen,2021
2675000 / 1190000,HighAlps,Nordalpen,1853
2675000 / 1195000,HighAlps,Nordalpen,1577
2675000 / 1200000,NorthernAlps,Nordalpen,645
2675000 / 1205000,NorthernAlps,Nordalpen,550
2675000 / 1210000,NorthernAlps,Voralpen,925
2675000 / 1215000,Plateau,Östliches Mittelland,468
2675000 / 1220000,Plateau,Östliches Mittelland,433
2675000 / 1225000,Plateau,Östliches Mittelland,434
2675000 / 1230000,Plateau,Östliches Mittelland,490
2675000 / 1235000,Plateau,Östliches Mittelland,581
2675000 / 1240000,Plateau,Östliches Mittelland,580
2675000 / 1245000,Plateau,Östliches Mittelland,517
2675000 / 1250000,Plateau,Östliches Mittelland,456
2675000 / 1255000,Plateau,Östliches Mittelland,466
2675000 / 1260000,Plateau,Östliches Mittelland,455
2675000 / 1265000,Plateau,Östliches Mittelland,434
2675000 / 1270000,Plateau,Hochrheingebiet,436
2675000 / 1275000,Plateau,Hochrheingebiet,483
2675000 / 1280000,Plateau,Hochrheingebiet,455
2675000 / 1285000,Plateau,Hochrheingebiet,524
2675000 / 1290000,Plateau,Hochrheingebiet,535
2680000 / 1115000,HighAlps,Südliches Tessin,1909
2680000 / 1120000,HighAlps,Südliches Tessin,1847
2680000 / 1125000,HighAlps,Südalpen,1480
2680000 / 1130000,HighAlps,Südalpen,1918
2680000 / 1135000,HighAlps,Südalpen,1795
2680000 / 1140000,HighAlps,Südalpen,2087
2680000 / 1145000,HighAlps,Südalpen,2319
2680000 / 1150000,HighAlps,Südalpen,2038
2680000 / 1155000,HighAlps,Östliche Zentralalpen,2325
2680000 / 1160000,HighAlps,Östliche Zentralalpen,2076
2680000 / 1165000,HighAlps,Nordalpen,2066
2680000 / 1170000,HighAlps,Nordalpen,2518
2680000 / 1175000,HighAlps,Nordalpen,2055
2680000 / 1180000,HighAlps,Nordalpen,2414
2680000 / 1185000,HighAlps,Nordalpen,2287
2680000 / 1190000,HighAlps,Nordalpen,1786
2680000 / 1195000,HighAlps,Nordalpen,1454
2680000 / 1200000,NorthernAlps,Nordalpen,664
2680000 / 1205000,NorthernAlps,Voralpen,1071
2680000 / 1210000,NorthernAlps,Voralpen,707
2680000 / 1215000,Plateau,Östliches Mittelland,733
2680000 / 1220000,Plateau,Östliches Mittelland,665
2680000 / 1225000,Plateau,Östliches Mittelland,487
2680000 / 1230000,Plateau,Östliches Mittelland,627
2680000 / 1235000,Plateau,Östliches Mittelland,629
2680000 / 1240000,Plateau,Östliches Mittelland,494
2680000 / 1245000,Plateau,Östliches Mittelland,441
2680000 / 1250000,Plateau,Östliches Mittelland,462
2680000 / 1255000,Plateau,Östliches Mittelland,437
2680000 / 1260000,Plateau,Östliches Mittelland,444
2680000 / 1265000,Plateau,Östliches Mittelland,431
2680000 / 1270000,Plateau,Hochrheingebiet,427
2680000 / 1275000,Plateau,Hochrheingebiet,515
2680000 / 1280000,Plateau,Hochrheingebiet,507
2680000 / 1285000,Jura,Jura und Randen,688
2680000 / 1290000,Jura,Jura und Randen,685
2680000 / 1295000,Jura,Jura und Randen,787
2685000 / 1110000,SouthernAlps,Südliches Tessin,1244
2685000 / 1115000,HighAlps,Südliches Tessin,1403
2685000 / 1120000,HighAlps,Südliches Tessin,1664
2685000 / 1125000,SouthernAlps,Südalpen,1356
2685000 / 1130000,HighAlps,Südalpen,1434
2685000 / 1135000,HighAlps,Südalpen,1638
2685000 / 1140000,HighAlps,Südalpen,1992
2685000 / 1145000,HighAlps,Südalpen,2270
2685000 / 1150000,HighAlps,Südalpen,1769
2685000 / 1155000,HighAlps,Südalpen,2300
2685000 / 1160000,HighAlps,Östliche Zentralalpen,2053
2685000 / 1165000,HighAlps,Nordalpen,1693
2685000 / 1170000,HighAlps,Nordalpen,1578
2685000 / 1175000,HighAlps,Nordalpen,1863
2685000 / 1180000,HighAlps,Nordalpen,2160
2685000 / 1185000,HighAlps,Nordalpen,1721
2685000 / 1190000,NorthernAlps,Nordalpen,1239
2685000 / 1195000,NorthernAlps,Nordalpen,718
2685000 / 1200000,NorthernAlps,Nordalpen,651
2685000 / 1205000,NorthernAlps,Voralpen,702
2685000 / 1210000,NorthernAlps,Voralpen,716
2685000 / 1215000,NorthernAlps,Voralpen,1038
2685000 / 1220000,Plateau,Östliches Mittelland,829
2685000 / 1225000,Plateau,Östliches Mittelland,689
2685000 / 1230000,Plateau,Östliches Mittelland,598
2685000 / 1235000,Plateau,Östliches Mittelland,457
2685000 / 1240000,Plateau,Östliches Mittelland,540
2685000 / 1245000,Plateau,Östliches Mittelland,562
2685000 / 1250000,Plateau,Östliches Mittelland,448
2685000 / 1255000,Plateau,Östliches Mittelland,499
2685000 / 1260000,Plateau,Östliches Mittelland,488
2685000 / 1265000,Plateau,Östliches Mittelland,499
2685000 / 1270000,Plateau,Hochrheingebiet,373
2685000 / 1275000,Plateau,Hochrheingebiet,403
2685000 / 1280000,Plateau,Hochrheingebiet,471
2685000 / 1285000,Jura,Jura und Randen,603
2685000 / 1290000,Jura,Jura und Randen,703
2685000 / 1295000,Jura,Jura und Randen,719
2690000 / 1105000,HighAlps,Südliches Tessin,1623
2690000 / 1110000,SouthernAlps,Südliches Tessin,878
2690000 / 1115000,SouthernAlps,Südliches Tessin,1061
2690000 / 1120000,HighAlps,Südliches Tessin,1548
2690000 / 1125000,SouthernAlps,Südalpen,955
2690000 / 1130000,SouthernAlps,Südalpen,1273
2690000 / 1135000,SouthernAlps,Südalpen,1376
2690000 / 1140000,HighAlps,Südalpen,1638
2690000 / 1145000,HighAlps,Südalpen,1991
2690000 / 1150000,HighAlps,Südalpen,1584
2690000 / 1155000,HighAlps,Südalpen,2258
2690000 / 1160000,HighAlps,Östliche Zentralalpen,2283
2690000 / 1165000,HighAlps,Östliche Zentralalpen,2262
2690000 / 1170000,HighAlps,Nordalpen,2187
2690000 / 1175000,NorthernAlps,Nordalpen,1384
2690000 / 1180000,NorthernAlps,Nordalpen,1174
2690000 / 1185000,NorthernAlps,Nordalpen,969
2690000 / 1190000,NorthernAlps,Nordalpen,770
2690000 / 1195000,HighAlps,Nordalpen,1409
2690000 / 1200000,NorthernAlps,Nordalpen,1257
2690000 / 1205000,NorthernAlps,Nordalpen,634
2690000 / 1210000,NorthernAlps,Voralpen,1074
2690000 / 1215000,NorthernAlps,Voralpen,926
2690000 / 1220000,NorthernAlps,Voralpen,974
2690000 / 1225000,Plateau,Östliches Mittelland,673
2690000 / 1230000,Plateau,Östliches Mittelland,469
2690000 / 1235000,Plateau,Östliches Mittelland,587
2690000 / 1240000,Plateau,Östliches Mittelland,593
2690000 / 1245000,Plateau,Östliches Mittelland,462
2690000 / 1250000,Plateau,Östliches Mittelland,488
2690000 / 1255000,Plateau,Östliches Mittelland,562
2690000 / 1260000,Plateau,Östliches Mittelland,489
2690000 / 1265000,Plateau,Östliches Mittelland,480
2690000 / 1270000,Plateau,Hochrheingebiet,405
2690000 / 1275000,Plateau,Hochrheingebiet,441
2690000 / 1280000,Plateau,Hochrheingebiet,450
2690000 / 1285000,Plateau,Hochrheingebiet,498
2690000 / 1290000,Jura,Jura und Randen,578
2690000 / 1295000,Jura,Jura und Randen,604
2695000 / 1105000,SouthernAlps,Südliches Tessin,501
2695000 / 1110000,SouthernAlps,Südliches Tessin,817
2695000 / 1115000,SouthernAlps,Südliches Tessin,826
2695000 / 1120000,SouthernAlps,Südliches Tessin,723
2695000 / 1125000,HighAlps,Südliches Tessin,1420
2695000 / 1130000,HighAlps,Südliches Tessin,1961
2695000 / 1135000,HighAlps,Südalpen,1829
2695000 / 1140000,HighAlps,Südalpen,2247
2695000 / 1145000,HighAlps,Südalpen,2110
2695000 / 1150000,HighAlps,Südalpen,1561
2695000 / 1155000,HighAlps,Südalpen,2360
2695000 / 1160000,HighAlps,Östliche Zentralalpen,2446
2695000 / 1165000,HighAlps,Östliche Zentralalpen,2014
2695000 / 1170000,HighAlps,Östliche Zentralalpen,2383
2695000 / 1175000,HighAlps,Nordalpen,1929
2695000 / 1180000,HighAlps,Nordalpen,1750
2695000 / 1185000,HighAlps,Nordalpen,2007
2695000 / 1190000,NorthernAlps,Nordalpen,1318
2695000 / 1195000,HighAlps,Nordalpen,1942
2695000 / 1200000,NorthernAlps,Nordalpen,1224
2695000 / 1205000,NorthernAlps,Nordalpen,1227
2695000 / 1210000,NorthernAlps,Voralpen,1310
2695000 / 1215000,NorthernAlps,Voralpen,1120
2695000 / 1220000,NorthernAlps,Voralpen,924
2695000 / 1225000,Plateau,Östliches Mittelland,604
2695000 / 1230000,Plateau,Östliches Mittelland,445
2695000 / 1235000,Plateau,Östliches Mittelland,521
2695000 / 1240000,Plateau,Östliches Mittelland,472
2695000 / 1245000,Plateau,Östliches Mittelland,515
2695000 / 1250000,Plateau,Östliches Mittelland,567
2695000 / 1255000,Plateau,Östliches Mittelland,546
2695000 / 1260000,Plateau,Östliches Mittelland,468
2695000 / 1265000,Plateau,Östliches Mittelland,464
2695000 / 1270000,Plateau,Hochrheingebiet,418
2695000 / 1275000,Plateau,Hochrheingebiet,451
2695000 / 1280000,Plateau,Hochrheingebiet,438
2695000 / 1285000,Plateau,Hochrheingebiet,469
2695000 / 1290000,Plateau,Hochrheingebiet,492
2700000 / 1090000,SouthernAlps,Südliches Tessin,281
2700000 / 1095000,SouthernAlps,Südliches Tessin,204
2700000 / 1105000,SouthernAlps,Südliches Tessin,362
2700000 / 1110000,SouthernAlps,Südliches Tessin,257
2700000 / 1115000,SouthernAlps,Südliches Tessin,860
2700000 / 1120000,HighAlps,Südliches Tessin,1456
2700000 / 1125000,HighAlps,Südliches Tessin,1420
2700000 / 1130000,HighAlps,Südliches Tessin,1545
2700000 / 1135000,HighAlps,Südliches Tessin,1874
2700000 / 1140000,HighAlps,Südalpen,2127
2700000 / 1145000,SouthernAlps,Südalpen,1340
2700000 / 1150000,HighAlps,Südalpen,2017
2700000 / 1155000,HighAlps,Südalpen,2246
2700000 / 1160000,HighAlps,Östliche Zentralalpen,2395
2700000 / 1165000,HighAlps,Östliche Zentralalpen,1985
2700000 / 1170000,HighAlps,Östliche Zentralalpen,1914
2700000 / 1175000,HighAlps,Nordalpen,2541
2700000 / 1180000,HighAlps,Nordalpen,1924
2700000 / 1185000,HighAlps,Nordalpen,2036
2700000 / 1190000,HighAlps,Nordalpen,1704
2700000 / 1195000,HighAlps,Nordalpen,1871
2700000 / 1200000,NorthernAlps,Nordalpen,1162
2700000 / 1205000,HighAlps,Nordalpen,1429
2700000 / 1210000,NorthernAlps,Nordalpen,1145
2700000 / 1215000,NorthernAlps,Voralpen,1061
2700000 / 1220000,NorthernAlps,Voralpen,961
2700000 / 1225000,NorthernAlps,Voralpen,615
2700000 / 1230000,Plateau,Östliches Mittelland,440
2700000 / 1235000,Plateau,Östliches Mittelland,519
2700000 / 1240000,Plateau,Östliches Mittelland,552
2700000 / 1245000,Plateau,Östliches Mittelland,621
2700000 / 1250000,Plateau,Östliches Mittelland,659
2700000 / 1255000,Plateau,Östliches Mittelland,579
2700000 / 1260000,Plateau,Östliches Mittelland,521
2700000 / 1265000,Plateau,Östliches Mittelland,445
2700000 / 1270000,Plateau,Östliches Mittelland,441
2700000 / 1275000,Plateau,Hochrheingebiet,483
2700000 / 1280000,Plateau,Hochrheingebiet,446
2700000 / 1285000,Jura,Jura und Randen,429
2705000 / 1090000,SouthernAlps,Südliches Tessin,405
2705000 / 1095000,SouthernAlps,Südliches Tessin,769
2705000 / 1100000,HighAlps,Südliches Tessin,1402
2705000 / 1105000,SouthernAlps,Südliches Tessin,1098
2705000 / 1110000,SouthernAlps,Südliches Tessin,238
2705000 / 1115000,SouthernAlps,Südliches Tessin,827
2705000 / 1120000,SouthernAlps,Südliches Tessin,1096
2705000 / 1125000,HighAlps,Südliches Tessin,1474
2705000 / 1130000,HighAlps,Südliches Tessin,1804
2705000 / 1135000,HighAlps,Südalpen,1912
2705000 / 1140000,SouthernAlps,Südalpen,1122
2705000 / 1145000,HighAlps,Südalpen,1438
2705000 / 1150000,HighAlps,Südalpen,1998
2705000 / 1155000,HighAlps,Südalpen,2372
2705000 / 1160000,HighAlps,Östliche Zentralalpen,2127
2705000 / 1165000,HighAlps,Östliche Zentralalpen,1845
2705000 / 1170000,HighAlps,Östliche Zentralalpen,1427
2705000 / 1175000,HighAlps,Östliche Zentralalpen,2300
2705000 / 1180000,HighAlps,Östliche Zentralalpen,2484
2705000 / 1185000,HighAlps,Nordalpen,2659
2705000 / 1190000,HighAlps,Nordalpen,2005
2705000 / 1195000,HighAlps,Nordalpen,1653
2705000 / 1200000,HighAlps,Nordalpen,1545
2705000 / 1205000,HighAlps,Nordalpen,1675
2705000 / 1210000,NorthernAlps,Nordalpen,1350
2705000 / 1215000,NorthernAlps,Voralpen,1231
2705000 / 1220000,NorthernAlps,Voralpen,1024
2705000 / 1225000,NorthernAlps,Voralpen,471
2705000 / 1230000,Plateau,Östliches Mittelland,449
2705000 / 1235000,Plateau,Östliches Mittelland,617
2705000 / 1240000,Plateau,Östliches Mittelland,773
2705000 / 1245000,Plateau,Östliches Mittelland,735
2705000 / 1250000,Plateau,Östliches Mittelland,669
2705000 / 1255000,Plateau,Östliches Mittelland,673
2705000 / 1260000,Plateau,Östliches Mittelland,563
2705000 / 1265000,Plateau,Östliches Mittelland,447
2705000 / 1270000,Plateau,Östliches Mittelland,458
2705000 / 1275000,Plateau,Östliches Mittelland,506
2705000 / 1280000,Plateau,Hochrheingebiet,539
2705000 / 1285000,Jura,Jura und Randen,445
2710000 / 1075000,SouthernAlps,Südliches Tessin,394
2710000 / 1085000,SouthernAlps,Südliches Tessin,385
2710000 / 1090000,SouthernAlps,Südliches Tessin,360
2710000 / 1095000,SouthernAlps,Südliches Tessin,586
2710000 / 1100000,SouthernAlps,Südliches Tessin,983
2710000 / 1105000,SouthernAlps,Südliches Tessin,1147
2710000 / 1110000,SouthernAlps,Südliches Tessin,363
2710000 / 1115000,SouthernAlps,Südliches Tessin,1029
2710000 / 1120000,HighAlps,Südliches Tessin,1742
2710000 / 1125000,HighAlps,Südliches Tessin,1888
2710000 / 1130000,HighAlps,Südliches Tessin,1631
2710000 / 1135000,SouthernAlps,Südalpen,962
2710000 / 1140000,HighAlps,Südalpen,1578
2710000 / 1145000,SouthernAlps,Südalpen,1383
2710000 / 1150000,HighAlps,Südalpen,1561
2710000 / 1155000,HighAlps,Südalpen,1880
2710000 / 1160000,HighAlps,Östliche Zentralalpen,2545
2710000 / 1165000,HighAlps,Östliche Zentralalpen,2370
2710000 / 1170000,HighAlps,Östliche Zentralalpen,1820
2710000 / 1175000,HighAlps,Östliche Zentralalpen,1636
2710000 / 1180000,HighAlps,Östliche Zentralalpen,2545
2710000 / 1185000,HighAlps,Nordalpen,2553
2710000 / 1190000,HighAlps,Nordalpen,2055
2710000 / 1195000,HighAlps,Nordalpen,1990
2710000 / 1200000,HighAlps,Nordalpen,2108
2710000 / 1205000,HighAlps,Nordalpen,1541
2710000 / 1210000,HighAlps,Nordalpen,1542
2710000 / 1215000,NorthernAlps,Nordalpen,1117
2710000 / 1220000,NorthernAlps,Voralpen,925
2710000 / 1225000,NorthernAlps,Voralpen,452
2710000 / 1230000,Plateau,Östliches Mittelland,485
2710000 / 1235000,NorthernAlps,Voralpen,776
2710000 / 1240000,NorthernAlps,Voralpen,888
2710000 / 1245000,NorthernAlps,Voralpen,826
2710000 / 1250000,Plateau,Östliches Mittelland,742
2710000 / 1255000,Plateau,Östliches Mittelland,627
2710000 / 1260000,Plateau,Östliches Mittelland,502
2710000 / 1265000,Plateau,Östliches Mittelland,513
2710000 / 1270000,Plateau,Östliches Mittelland,441
2710000 / 1275000,Plateau,Östliches Mittelland,515
2710000 / 1280000,Plateau,Östliches Mittelland,396
2715000 / 1075000,SouthernAlps,Südliches Tessin,368
2715000 / 1080000,SouthernAlps,Südliches Tessin,505
2715000 / 1085000,SouthernAlps,Südliches Tessin,446
2715000 / 1090000,SouthernAlps,Südliches Tessin,398
2715000 / 1095000,SouthernAlps,Südliches Tessin,385
2715000 / 1100000,SouthernAlps,Südliches Tessin,567
2715000 / 1105000,SouthernAlps,Südliches Tessin,849
2715000 / 1110000,SouthernAlps,Südliches Tessin,421
2715000 / 1115000,SouthernAlps,Südliches Tessin,1063
2715000 / 1120000,HighAlps,Südliches Tessin,1535
2715000 / 1125000,SouthernAlps,Südliches Tessin,993
2715000 / 1130000,SouthernAlps,Südliches Tessin,766
2715000 / 1135000,SouthernAlps,Südalpen,784
2715000 / 1140000,SouthernAlps,Südalpen,977
2715000 / 1145000,HighAlps,Südalpen,1591
2715000 / 1150000,HighAlps,Südalpen,1579
2715000 / 1155000,HighAlps,Südalpen,1836
2715000 / 1160000,HighAlps,Südalpen,2327
2715000 / 1165000,HighAlps,Östliche Zentralalpen,2195
2715000 / 1170000,HighAlps,Östliche Zentralalpen,1802
2715000 / 1175000,CentralAlps,Östliche Zentralalpen,1270
2715000 / 1180000,HighAlps,Östliche Zentralalpen,2413
2715000 / 1185000,HighAlps,Nordalpen,2306
2715000 / 1190000,HighAlps,Nordalpen,1621
2715000 / 1195000,NorthernAlps,Nordalpen,1263
2715000 / 1200000,HighAlps,Nordalpen,1833
2715000 / 1205000,HighAlps,Nordalpen,1862
2715000 / 1210000,HighAlps,Nordalpen,1561
2715000 / 1215000,HighAlps,Nordalpen,1437
2715000 / 1220000,NorthernAlps,Voralpen,1029
2715000 / 1225000,NorthernAlps,Voralpen,426
2715000 / 1230000,NorthernAlps,Voralpen,526
2715000 / 1235000,NorthernAlps,Voralpen,925
2715000 / 1240000,NorthernAlps,Voralpen,977
2715000 / 1245000,NorthernAlps,Voralpen,827
2715000 / 1250000,Plateau,Östliches Mittelland,728
2715000 / 1255000,Plateau,Östliches Mittelland,572
2715000 / 1260000,Plateau,Östliches Mittelland,513
2715000 / 1265000,Plateau,Östliches Mittelland,583
2715000 / 1270000,Plateau,Östliches Mittelland,436
2715000 / 1275000,Plateau,Östliches Mittelland,581
2715000 / 1280000,Plateau,Östliches Mittelland,425
2720000 / 1075000,SouthernAlps,Südliches Tessin,354
2720000 / 1080000,SouthernAlps,Südliches Tessin,733
2720000 / 1085000,SouthernAlps,Südliches Tessin,950
2720000 / 1090000,SouthernAlps,Südliches Tessin,751
2720000 / 1095000,SouthernAlps,Südliches Tessin,576
2720000 / 1100000,SouthernAlps,Südliches Tessin,926
2720000 / 1105000,SouthernAlps,Südliches Tessin,1304
2720000 / 1110000,SouthernAlps,Südliches Tessin,914
2720000 / 1115000,SouthernAlps,Südliches Tessin,501
2720000 / 1120000,SouthernAlps,Südliches Tessin,579
2720000 / 1125000,SouthernAlps,Südliches Tessin,1257
2720000 / 1130000,HighAlps,Südliches Tessin,1859
2720000 / 1135000,HighAlps,Südalpen,1620
2720000 / 1140000,HighAlps,Südalpen,1566
2720000 / 1145000,HighAlps,Südalpen,2236
2720000 / 1150000,HighAlps,Östliche Zentralalpen,2739
2720000 / 1155000,HighAlps,Östliche Zentralalpen,2498
2720000 / 1160000,HighAlps,Östliche Zentralalpen,2427
2720000 / 1165000,HighAlps,Östliche Zentralalpen,2272
2720000 / 1170000,HighAlps,Östliche Zentralalpen,2310
2720000 / 1175000,HighAlps,Östliche Zentralalpen,1407
2720000 / 1180000,HighAlps,Östliche Zentralalpen,1757
2720000 / 1185000,HighAlps,Östliche Zentralalpen,2364
2720000 / 1190000,HighAlps,Nordalpen,2418
2720000 / 1195000,HighAlps,Nordalpen,1711
2720000 / 1200000,NorthernAlps,Nordalpen,1080
2720000 / 1205000,NorthernAlps,Nordalpen,1200
2720000 / 1210000,NorthernAlps,Nordalpen,850
2720000 / 1215000,NorthernAlps,Nordalpen,805
2720000 / 1220000,NorthernAlps,Nordalpen,637
2720000 / 1225000,NorthernAlps,Nordalpen,662
2720000 / 1230000,NorthernAlps,Nordalpen,879
2720000 / 1235000,NorthernAlps,Voralpen,886
2720000 / 1240000,NorthernAlps,Voralpen,806
2720000 / 1245000,NorthernAlps,Voralpen,685
2720000 / 1250000,Plateau,Östliches Mittelland,643
2720000 / 1255000,Plateau,Östliches Mittelland,571
2720000 / 1260000,Plateau,Östliches Mittelland,640
2720000 / 1265000,Plateau,Östliches Mittelland,498
2720000 / 1270000,Plateau,Östliches Mittelland,453
2720000 / 1275000,Plateau,Östliches Mittelland,571
2720000 / 1280000,Plateau,Östliches Mittelland,423
2725000 / 1075000,SouthernAlps,Südliches Tessin,814
2725000 / 1080000,SouthernAlps,Südliches Tessin,871
2725000 / 1085000,SouthernAlps,Südliches Tessin,1010
2725000 / 1100000,SouthernAlps,Südliches Tessin,1335
2725000 / 1105000,HighAlps,Südliches Tessin,1539
2725000 / 1110000,SouthernAlps,Südliches Tessin,1365
2725000 / 1115000,SouthernAlps,Südliches Tessin,1306
2725000 / 1120000,SouthernAlps,Südliches Tessin,783
2725000 / 1125000,HighAlps,Südliches Tessin,1561
2725000 / 1130000,HighAlps,Südliches Tessin,1858
2725000 / 1135000,HighAlps,Südalpen,1944
2725000 / 1140000,HighAlps,Südalpen,2209
2725000 / 1145000,HighAlps,Südalpen,2578
2725000 / 1150000,HighAlps,Östliche Zentralalpen,2492
2725000 / 1155000,HighAlps,Östliche Zentralalpen,2336
2725000 / 1160000,HighAlps,Östliche Zentralalpen,2356
2725000 / 1165000,HighAlps,Östliche Zentralalpen,1856
2725000 / 1170000,HighAlps,Östliche Zentralalpen,1889
2725000 / 1175000,HighAlps,Östliche Zentralalpen,1604
2725000 / 1180000,CentralAlps,Östliche Zentralalpen,1232
2725000 / 1185000,HighAlps,Östliche Zentralalpen,1893
2725000 / 1190000,HighAlps,Nordalpen,2172
2725000 / 1195000,HighAlps,Nordalpen,1943
2725000 / 1200000,HighAlps,Nordalpen,1713
2725000 / 1205000,NorthernAlps,Nordalpen,1282
2725000 / 1210000,HighAlps,Nordalpen,1761
2725000 / 1215000,NorthernAlps,Nordalpen,1231
2725000 / 1220000,NorthernAlps,Nordalpen,768
2725000 / 1225000,HighAlps,Nordalpen,1434
2725000 / 1230000,NorthernAlps,Nordalpen,1062
2725000 / 1235000,NorthernAlps,Voralpen,816
2725000 / 1240000,NorthernAlps,Voralpen,842
2725000 / 1245000,NorthernAlps,Voralpen,734
2725000 / 1250000,Plateau,Östliches Mittelland,691
2725000 / 1255000,Plateau,Östliches Mittelland,539
2725000 / 1260000,Plateau,Östliches Mittelland,616
2725000 / 1265000,Plateau,Östliches Mittelland,462
2725000 / 1270000,Plateau,Östliches Mittelland,549
2725000 / 1275000,Plateau,Östliches Mittelland,508
2725000 / 1280000,Plateau,Östliches Mittelland,399
2730000 / 1110000,HighAlps,Südliches Tessin,1738
2730000 / 1115000,HighAlps,Südliches Tessin,1512
2730000 / 1120000,SouthernAlps,Südliches Tessin,840
2730000 / 1125000,SouthernAlps,Südliches Tessin,1115
2730000 / 1130000,HighAlps,Südalpen,1823
2730000 / 1135000,HighAlps,Südalpen,2054
2730000 / 1140000,HighAlps,Südalpen,2028
2730000 / 1145000,HighAlps,Südalpen,2144
2730000 / 1150000,HighAlps,Östliche Zentralalpen,2120
2730000 / 1155000,HighAlps,Östliche Zentralalpen,2381
2730000 / 1160000,HighAlps,Östliche Zentralalpen,1874
2730000 / 1165000,HighAlps,Östliche Zentralalpen,1859
2730000 / 1170000,CentralAlps,Östliche Zentralalpen,1264
2730000 / 1175000,HighAlps,Östliche Zentralalpen,1459
2730000 / 1180000,CentralAlps,Östliche Zentralalpen,1134
2730000 / 1185000,HighAlps,Östliche Zentralalpen,1972
2730000 / 1190000,HighAlps,Östliche Zentralalpen,2450
2730000 / 1195000,HighAlps,Nordalpen,1509
2730000 / 1200000,NorthernAlps,Nordalpen,1398
2730000 / 1205000,HighAlps,Nordalpen,1807
2730000 / 1210000,HighAlps,Nordalpen,1849
2730000 / 1215000,NorthernAlps,Nordalpen,1117
2730000 / 1220000,NorthernAlps,Nordalpen,971
2730000 / 1225000,NorthernAlps,Nordalpen,1267
2730000 / 1230000,NorthernAlps,Nordalpen,922
2730000 / 1235000,NorthernAlps,Nordalpen,1037
2730000 / 1240000,NorthernAlps,Voralpen,871
2730000 / 1245000,NorthernAlps,Voralpen,852
2730000 / 1250000,Plateau,Östliches Mittelland,668
2730000 / 1255000,Plateau,Östliches Mittelland,552
2730000 / 1260000,Plateau,Östliches Mittelland,541
2730000 / 1265000,Plateau,Östliches Mittelland,471
2730000 / 1270000,Plateau,Östliches Mittelland,542
2730000 / 1275000,Plateau,Östliches Mittelland,450
2735000 / 1115000,HighAlps,Südliches Tessin,2014
2735000 / 1120000,HighAlps,Südliches Tessin,1822
2735000 / 1125000,HighAlps,Südalpen,1653
2735000 / 1130000,SouthernAlps,Südalpen,1132
2735000 / 1135000,SouthernAlps,Südalpen,1240
2735000 / 1140000,HighAlps,Südalpen,1577
2735000 / 1145000,HighAlps,Östliche Zentralalpen,2291
2735000 / 1150000,HighAlps,Östliche Zentralalpen,2238
2735000 / 1155000,HighAlps,Östliche Zentralalpen,2167
2735000 / 1160000,HighAlps,Östliche Zentralalpen,2334
2735000 / 1165000,HighAlps,Östliche Zentralalpen,2290
2735000 / 1170000,HighAlps,Östliche Zentralalpen,1814
2735000 / 1175000,CentralAlps,Östliche Zentralalpen,1372
2735000 / 1180000,CentralAlps,Östliche Zentralalpen,1000
2735000 / 1185000,HighAlps,Östliche Zentralalpen,1471
2735000 / 1190000,HighAlps,Östliche Zentralalpen,2136
2735000 / 1195000,HighAlps,Östliche Zentralalpen,2392
2735000 / 1200000,HighAlps,Nordalpen,1919
2735000 / 1205000,HighAlps,Nordalpen,2030
2735000 / 1210000,HighAlps,Nordalpen,1848
2735000 / 1215000,NorthernAlps,Nordalpen,1130
2735000 / 1220000,NorthernAlps,Nordalpen,1154
2735000 / 1225000,NorthernAlps,Nordalpen,1235
2735000 / 1230000,NorthernAlps,Nordalpen,1269
2735000 / 1235000,NorthernAlps,Nordalpen,1188
2735000 / 1240000,NorthernAlps,Nordalpen,972
2735000 / 1245000,NorthernAlps,Voralpen,862
2735000 / 1250000,Plateau,Östliches Mittelland,695
2735000 / 1255000,Plateau,Östliches Mittelland,645
2735000 / 1260000,Plateau,Östliches Mittelland,534
2735000 / 1265000,Plateau,Östliches Mittelland,486
2735000 / 1270000,Plateau,Östliches Mittelland,484
2735000 / 1275000,Plateau,Östliches Mittelland,405
2735000 / 1280000,Plateau,Östliches Mittelland,396
2740000 / 1125000,HighAlps,Südalpen,1981
2740000 / 1130000,HighAlps,Südalpen,2004
2740000 / 1135000,HighAlps,Südalpen,2353
2740000 / 1140000,HighAlps,Südalpen,2318
2740000 / 1145000,HighAlps,Östliche Zentralalpen,2699
2740000 / 1150000,HighAlps,Östliche Zentralalpen,2377
2740000 / 1155000,HighAlps,Östliche Zentralalpen,1963
2740000 / 1160000,HighAlps,Östliche Zentralalpen,2386
2740000 / 1165000,HighAlps,Östliche Zentralalpen,2135
2740000 / 1170000,HighAlps,Östliche Zentralalpen,1859
2740000 / 1175000,HighAlps,Östliche Zentralalpen,2064
2740000 / 1180000,CentralAlps,Östliche Zentralalpen,1272
2740000 / 1185000,CentralAlps,Östliche Zentralalpen,991
2740000 / 1190000,HighAlps,Östliche Zentralalpen,2057
2740000 / 1195000,HighAlps,Östliche Zentralalpen,2232
2740000 / 1200000,HighAlps,Nordalpen,2012
2740000 / 1205000,HighAlps,Nordalpen,1823
2740000 / 1210000,HighAlps,Nordalpen,1622
2740000 / 1215000,NorthernAlps,Nordalpen,841
2740000 / 1220000,NorthernAlps,Nordalpen,1194
2740000 / 1225000,NorthernAlps,Nordalpen,1365
2740000 / 1230000,HighAlps,Nordalpen,1522
2740000 / 1235000,NorthernAlps,Nordalpen,1364
2740000 / 1240000,NorthernAlps,Nordalpen,1014
2740000 / 1245000,NorthernAlps,Voralpen,845
2740000 / 1250000,NorthernAlps,Voralpen,693
2740000 / 1255000,Plateau,Östliches Mittelland,714
2740000 / 1260000,Plateau,Östliches Mittelland,535
2740000 / 1265000,Plateau,Östliches Mittelland,447
2740000 / 1270000,Plateau,Östliches Mittelland,421
2740000 / 1275000,Plateau,Östliches Mittelland,396
2745000 / 1145000,HighAlps,Östliche Zentralalpen,2367
2745000 / 1150000,HighAlps,Östliche Zentralalpen,2438
2745000 / 1155000,HighAlps,Östliche Zentralalpen,1879
2745000 / 1160000,HighAlps,Östliche Zentralalpen,2161
2745000 / 1165000,HighAlps,Östliche Zentralalpen,2243
2745000 / 1170000,HighAlps,Östliche Zentralalpen,1685
2745000 / 1175000,HighAlps,Östliche Zentralalpen,1614
2745000 / 1180000,CentralAlps,Östliche Zentralalpen,1218
2745000 / 1185000,CentralAlps,Östliche Zentralalpen,904
2745000 / 1190000,HighAlps,Östliche Zentralalpen,2017
2745000 / 1195000,HighAlps,Östliche Zentralalpen,2044
2745000 / 1200000,HighAlps,Nordalpen,2212
2745000 / 1205000,HighAlps,Nordalpen,1580
2745000 / 1210000,NorthernAlps,Nordalpen,1000
2745000 / 1215000,NorthernAlps,Nordalpen,1033
2745000 / 1220000,HighAlps,Nordalpen,1730
2745000 / 1225000,NorthernAlps,Nordalpen,1182
2745000 / 1230000,HighAlps,Nordalpen,1632
2745000 / 1235000,HighAlps,Nordalpen,1465
2745000 / 1240000,NorthernAlps,Nordalpen,998
2745000 / 1245000,NorthernAlps,Voralpen,855
2745000 / 1250000,NorthernAlps,Voralpen,841
2745000 / 1255000,Plateau,Östliches Mittelland,635
2745000 / 1260000,Plateau,Östliches Mittelland,482
2745000 / 1265000,Plateau,Östliches Mittelland,407
2745000 / 1270000,Plateau,Östliches Mittelland,396
2745000 / 1275000,Plateau,Östliches Mittelland,396
2750000 / 1145000,HighAlps,Östliche Zentralalpen,2544
2750000 / 1150000,HighAlps,Östliche Zentralalpen,2144
2750000 / 1155000,HighAlps,Östliche Zentralalpen,1862
2750000 / 1160000,HighAlps,Östliche Zentralalpen,1532
2750000 / 1165000,HighAlps,Östliche Zentralalpen,1424
2750000 / 1170000,CentralAlps,Östliche Zentralalpen,1127
2750000 / 1175000,CentralAlps,Östliche Zentralalpen,841
2750000 / 1180000,CentralAlps,Östliche Zentralalpen,1130
2750000 / 1185000,CentralAlps,Östliche Zentralalpen,870
2750000 / 1190000,HighAlps,Östliche Zentralalpen,1626
2750000 / 1195000,HighAlps,Östliche Zentralalpen,1577
2750000 / 1200000,HighAlps,Östliche Zentralalpen,1753
2750000 / 1205000,CentralAlps,Östliche Zentralalpen,1337
2750000 / 1210000,CentralAlps,Östliche Zentralalpen,585
2750000 / 1215000,NorthernAlps,Nordalpen,1254
2750000 / 1220000,NorthernAlps,Nordalpen,1078
2750000 / 1225000,NorthernAlps,Nordalpen,565
2750000 / 1230000,NorthernAlps,Nordalpen,656
2750000 / 1235000,NorthernAlps,Nordalpen,1263
2750000 / 1240000,NorthernAlps,Nordalpen,990
2750000 / 1245000,NorthernAlps,Voralpen,1002
2750000 / 1250000,Plateau,Östliches Mittelland,930
2750000 / 1255000,Plateau,Östliches Mittelland,676
2750000 / 1260000,Plateau,Östliches Mittelland,411
2750000 / 1265000,Plateau,Östliches Mittelland,396
2750000 / 1270000,Plateau,Östliches Mittelland,396
2755000 / 1130000,SouthernAlps,Südalpen,1099
2755000 / 1135000,HighAlps,Östliche Zentralalpen,2494
2755000 / 1140000,HighAlps,Östliche Zentralalpen,2389
2755000 / 1145000,HighAlps,Östliche Zentralalpen,2188
2755000 / 1150000,HighAlps,Östliche Zentralalpen,2290
2755000 / 1155000,HighAlps,Östliche Zentralalpen,2437
2755000 / 1160000,HighAlps,Östliche Zentralalpen,2398
2755000 / 1165000,HighAlps,Östliche Zentralalpen,2110
2755000 / 1170000,CentralAlps,Östliche Zentralalpen,1345
2755000 / 1175000,HighAlps,Östliche Zentralalpen,1769
2755000 / 1180000,HighAlps,Östliche Zentralalpen,1933
2755000 / 1185000,CentralAlps,Östliche Zentralalpen,1330
2755000 / 1190000,CentralAlps,Östliche Zentralalpen,948
2755000 / 1195000,HighAlps,Östliche Zentralalpen,1474
2755000 / 1200000,CentralAlps,Östliche Zentralalpen,1160
2755000 / 1205000,CentralAlps,Östliche Zentralalpen,654
2755000 / 1210000,CentralAlps,Östliche Zentralalpen,761
2755000 / 1215000,NorthernAlps,Nordalpen,615
2755000 / 1220000,NorthernAlps,Nordalpen,625
2755000 / 1225000,NorthernAlps,Nordalpen,541
2755000 / 1230000,NorthernAlps,Nordalpen,464
2755000 / 1235000,NorthernAlps,Nordalpen,572
2755000 / 1240000,Plateau,Östliches Mittelland,791
2755000 / 1245000,Plateau,Östliches Mittelland,625
2755000 / 1250000,Plateau,Östliches Mittelland,888
2755000 / 1255000,Plateau,Östliches Mittelland,775
2755000 / 1260000,Plateau,Östliches Mittelland,404
2755000 / 1265000,Plateau,Östliches Mittelland,396
2760000 / 1125000,HighAlps,Südalpen,2600
2760000 / 1130000,HighAlps,Südalpen,1409
2760000 / 1135000,HighAlps,Südalpen,2333
2760000 / 1140000,HighAlps,Östliche Zentralalpen,2569
2760000 / 1145000,HighAlps,Östliche Zentralalpen,2414
2760000 / 1150000,HighAlps,Östliche Zentralalpen,2534
2760000 / 1155000,HighAlps,Östliche Zentralalpen,2265
2760000 / 1160000,HighAlps,Östliche Zentralalpen,1785
2760000 / 1165000,HighAlps,Östliche Zentralalpen,1468
2760000 / 1170000,CentralAlps,Östliche Zentralalpen,1367
2760000 / 1175000,HighAlps,Östliche Zentralalpen,1825
2760000 / 1180000,HighAlps,Östliche Zentralalpen,1808
2760000 / 1185000,CentralAlps,Östliche Zentralalpen,1303
2760000 / 1190000,CentralAlps,Östliche Zentralalpen,1251
2760000 / 1195000,CentralAlps,Östliche Zentralalpen,911
2760000 / 1200000,CentralAlps,Östliche Zentralalpen,662
2760000 / 1205000,CentralAlps,Östliche Zentralalpen,1055
2760000 / 1210000,HighAlps,Östliche Zentralalpen,1897
2760000 / 1240000,Plateau,Östliches Mittelland,424
2760000 / 1245000,Plateau,Östliches Mittelland,416
2760000 / 1250000,Plateau,Östliches Mittelland,523
2760000 / 1255000,Plateau,Östliches Mittelland,617
2760000 / 1260000,Plateau,Östliches Mittelland,399
2765000 / 1125000,HighAlps,Südalpen,2800
2765000 / 1130000,HighAlps,Südalpen,2030
2765000 / 1135000,HighAlps,Südalpen,1896
2765000 / 1140000,HighAlps,Südalpen,2425
2765000 / 1145000,HighAlps,Östliche Zentralalpen,2385
2765000 / 1150000,HighAlps,Östliche Zentralalpen,2020
2765000 / 1155000,HighAlps,Östliche Zentralalpen,1897
2765000 / 1160000,HighAlps,Östliche Zentralalpen,1758
2765000 / 1165000,HighAlps,Östliche Zentralalpen,1909
2765000 / 1170000,HighAlps,Östliche Zentralalpen,1520
2765000 / 1175000,HighAlps,Östliche Zentralalpen,2449
2765000 / 1180000,HighAlps,Östliche Zentralalpen,2226
2765000 / 1185000,HighAlps,Östliche Zentralalpen,1461
2765000 / 1190000,HighAlps,Östliche Zentralalpen,1944
2765000 / 1195000,HighAlps,Östliche Zentralalpen,1686
2765000 / 1200000,CentralAlps,Östliche Zentralalpen,1236
2765000 / 1205000,CentralAlps,Östliche Zentralalpen,1197
2765000 / 1210000,HighAlps,Östliche Zentralalpen,1763
2765000 / 1245000,Plateau,Östliches Mittelland,410
2765000 / 1250000,Plateau,Östliches Mittelland,406
2765000 / 1255000,Plateau,Östliches Mittelland,420
2770000 / 1125000,HighAlps,Südalpen,2857
2770000 / 1130000,HighAlps,Südalpen,2631
2770000 / 1135000,HighAlps,Südalpen,2054
2770000 / 1140000,HighAlps,Engadin,2158
2770000 / 1145000,HighAlps,Östliche Zentralalpen,2273
2770000 / 1150000,HighAlps,Östliche Zentralalpen,2546
2770000 / 1155000,HighAlps,Östliche Zentralalpen,2644
2770000 / 1160000,HighAlps,Östliche Zentralalpen,2529
2770000 / 1165000,HighAlps,Östliche Zentralalpen,2028
2770000 / 1170000,HighAlps,Östliche Zentralalpen,1418
2770000 / 1175000,HighAlps,Östliche Zentralalpen,2168
2770000 / 1180000,HighAlps,Östliche Zentralalpen,2052
2770000 / 1185000,HighAlps,Östliche Zentralalpen,1643
2770000 / 1190000,HighAlps,Östliche Zentralalpen,2052
2770000 / 1195000,HighAlps,Östliche Zentralalpen,1400
2770000 / 1200000,CentralAlps,Östliche Zentralalpen,1064
2770000 / 1205000,CentralAlps,Östliche Zentralalpen,1383
2770000 / 1210000,HighAlps,Östliche Zentralalpen,1998
2775000 / 1125000,HighAlps,Südalpen,3150
2775000 / 1130000,HighAlps,Südalpen,2895
2775000 / 1135000,HighAlps,Engadin,2597
2775000 / 1140000,HighAlps,Engadin,2058
2775000 / 1145000,HighAlps,Engadin,2397
2775000 / 1150000,HighAlps,Engadin,2766
2775000 / 1155000,HighAlps,Engadin,2627
2775000 / 1160000,HighAlps,Östliche Zentralalpen,2229
2775000 / 1165000,HighAlps,Östliche Zentralalpen,1803
2775000 / 1170000,HighAlps,Östliche Zentralalpen,2154
2775000 / 1175000,HighAlps,Östliche Zentralalpen,1817
2775000 / 1180000,HighAlps,Östliche Zentralalpen,2165
2775000 / 1185000,HighAlps,Östliche Zentralalpen,2163
2775000 / 1190000,HighAlps,Östliche Zentralalpen,2107
2775000 / 1195000,CentralAlps,Östliche Zentralalpen,1267
2775000 / 1200000,HighAlps,Östliche Zentralalpen,1575
2775000 / 1205000,HighAlps,Östliche Zentralalpen,1524
2775000 / 1210000,HighAlps,Östliche Zentralalpen,2011
2780000 / 1130000,HighAlps,Engadin,3205
2780000 / 1135000,HighAlps,Engadin,2754
2780000 / 1140000,HighAlps,Engadin,2694
2780000 / 1145000,HighAlps,Engadin,2177
2780000 / 1150000,HighAlps,Engadin,2246
2780000 / 1155000,HighAlps,Engadin,2507
2780000 / 1160000,HighAlps,Östliche Zentralalpen,2486
2780000 / 1165000,HighAlps,Östliche Zentralalpen,2277
2780000 / 1170000,HighAlps,Östliche Zentralalpen,2515
2780000 / 1175000,HighAlps,Östliche Zentralalpen,2263
2780000 / 1180000,HighAlps,Östliche Zentralalpen,1949
2780000 / 1185000,HighAlps,Östliche Zentralalpen,1927
2780000 / 1190000,HighAlps,Östliche Zentralalpen,1969
2780000 / 1195000,HighAlps,Östliche Zentralalpen,1457
2780000 / 1200000,HighAlps,Östliche Zentralalpen,1976
2780000 / 1205000,HighAlps,Östliche Zentralalpen,2020
2780000 / 1210000,HighAlps,Östliche Zentralalpen,2293
2785000 / 1135000,HighAlps,Engadin,3215
2785000 / 1140000,HighAlps,Engadin,2750
2785000 / 1145000,HighAlps,Engadin,2501
2785000 / 1150000,HighAlps,Engadin,1958
2785000 / 1155000,HighAlps,Engadin,1930
2785000 / 1160000,HighAlps,Engadin,2408
2785000 / 1165000,HighAlps,Engadin,2788
2785000 / 1170000,HighAlps,Engadin,2609
2785000 / 1175000,HighAlps,Östliche Zentralalpen,2393
2785000 / 1180000,HighAlps,Östliche Zentralalpen,2196
2785000 / 1185000,HighAlps,Östliche Zentralalpen,2107
2785000 / 1190000,HighAlps,Östliche Zentralalpen,1574
2785000 / 1195000,HighAlps,Östliche Zentralalpen,1948
2785000 / 1200000,HighAlps,Östliche Zentralalpen,2419
2785000 / 1205000,HighAlps,Östliche Zentralalpen,2287
2785000 / 1210000,HighAlps,Östliche Zentralalpen,2190
2790000 / 1135000,HighAlps,Engadin,3548
2790000 / 1140000,HighAlps,Engadin,2778
2790000 / 1145000,HighAlps,Engadin,2344
2790000 / 1150000,HighAlps,Engadin,2630
2790000 / 1155000,HighAlps,Engadin,2453
2790000 / 1160000,HighAlps,Engadin,2013
2790000 / 1165000,HighAlps,Engadin,2282
2790000 / 1170000,HighAlps,Engadin,2652
2790000 / 1175000,HighAlps,Engadin,2534
2790000 / 1180000,HighAlps,Östliche Zentralalpen,2519
2790000 / 1185000,HighAlps,Östliche Zentralalpen,2382
2790000 / 1190000,HighAlps,Östliche Zentralalpen,1966
2790000 / 1195000,HighAlps,Östliche Zentralalpen,2365
2795000 / 1125000,HighAlps,Südalpen,2423
2795000 / 1130000,HighAlps,Südalpen,2191
2795000 / 1135000,HighAlps,Südalpen,2506
2795000 / 1140000,HighAlps,Südalpen,2526
2795000 / 1145000,HighAlps,Engadin,2495
2795000 / 1150000,HighAlps,Engadin,2668
2795000 / 1155000,HighAlps,Engadin,2516
2795000 / 1160000,HighAlps,Engadin,2339
2795000 / 1165000,HighAlps,Engadin,1918
2795000 / 1170000,HighAlps,Engadin,2347
2795000 / 1175000,HighAlps,Engadin,2603
2795000 / 1180000,HighAlps,Engadin,2350
2795000 / 1185000,HighAlps,Östliche Zentralalpen,2518
2795000 / 1190000,HighAlps,Östliche Zentralalpen,2304
2795000 / 1195000,HighAlps,Östliche Zentralalpen,2554
2800000 / 1120000,HighAlps,Südalpen,2254
2800000 / 1125000,HighAlps,Südalpen,1858
2800000 / 1130000,HighAlps,Südalpen,1418
2800000 / 1135000,HighAlps,Südalpen,1696
2800000 / 1140000,HighAlps,Südalpen,2187
2800000 / 1145000,HighAlps,Südalpen,2494
2800000 / 1150000,HighAlps,Engadin,2922
2800000 / 1155000,HighAlps,Engadin,2665
2800000 / 1160000,HighAlps,Engadin,2460
2800000 / 1165000,HighAlps,Engadin,2576
2800000 / 1170000,HighAlps,Engadin,1940
2800000 / 1175000,HighAlps,Engadin,1974
2800000 / 1180000,HighAlps,Engadin,1914
2800000 / 1185000,HighAlps,Engadin,2594
2800000 / 1190000,HighAlps,Östliche Zentralalpen,2835
2805000 / 1120000,SouthernAlps,Südalpen,1315
2805000 / 1125000,HighAlps,Südalpen,1586
2805000 / 1130000,HighAlps,Südalpen,2267
2805000 / 1135000,HighAlps,Südalpen,2572
2805000 / 1140000,HighAlps,Südalpen,2413
2805000 / 1145000,HighAlps,Südalpen,2910
2805000 / 1165000,HighAlps,Engadin,2370
2805000 / 1170000,HighAlps,Engadin,2015
2805000 / 1175000,HighAlps,Engadin,2533
2805000 / 1180000,HighAlps,Engadin,1909
2805000 / 1185000,HighAlps,Engadin,2355
2805000 / 1190000,HighAlps,Engadin,2675
2810000 / 1125000,HighAlps,Südalpen,2322
2810000 / 1160000,HighAlps,Engadin,2528
2810000 / 1165000,HighAlps,Engadin,2146
2810000 / 1170000,HighAlps,Engadin,2214
2810000 / 1175000,HighAlps,Engadin,2473
2810000 / 1180000,HighAlps,Engadin,1793
2810000 / 1185000,HighAlps,Engadin,2071
2810000 / 1190000,HighAlps,Engadin,2628
2810000 / 1195000,HighAlps,Engadin,2643
2810000 / 1200000,HighAlps,Engadin,2418
2815000 / 1155000,HighAlps,Engadin,2844
2815000 / 1160000,HighAlps,Engadin,2405
2815000 / 1165000,HighAlps,Engadin,2337
2815000 / 1170000,HighAlps,Engadin,2494
2815000 / 1175000,HighAlps,Engadin,2283
2815000 / 1180000,HighAlps,Engadin,2012
2815000 / 1185000,HighAlps,Engadin,1634
2815000 / 1190000,HighAlps,Engadin,2424
2815000 / 1195000,HighAlps,Engadin,2411
2815000 / 1200000,HighAlps,Engadin,2577
2815000 / 1205000,HighAlps,Engadin,2737
2820000 / 1155000,HighAlps,Engadin,2775
2820000 / 1160000,HighAlps,Engadin,2438
2820000 / 1165000,HighAlps,Engadin,2031
2820000 / 1170000,HighAlps,Engadin,2420
2820000 / 1175000,HighAlps,Engadin,2258
2820000 / 1180000,HighAlps,Engadin,2605
2820000 / 1185000,HighAlps,Engadin,1607
2820000 / 1190000,HighAlps,Engadin,1818
2820000 / 1195000,HighAlps,Engadin,2510
2820000 / 1200000,HighAlps,Engadin,2300
2820000 / 1205000,HighAlps,Engadin,2431
2825000 / 1155000,HighAlps,Engadin,2689
2825000 / 1160000,HighAlps,Engadin,2228
2825000 / 1165000,HighAlps,Engadin,1908
2825000 / 1170000,HighAlps,Engadin,2652
2825000 / 1175000,HighAlps,Engadin,2687
2825000 / 1180000,HighAlps,Engadin,2474
2825000 / 1185000,HighAlps,Engadin,2217
2825000 / 1190000,HighAlps,Engadin,1584
2825000 / 1195000,HighAlps,Engadin,2037
2825000 / 1200000,HighAlps,Engadin,2287
2825000 / 1205000,HighAlps,Engadin,2021
2830000 / 1155000,HighAlps,Engadin,2694
2830000 / 1160000,HighAlps,Engadin,2513
2830000 / 1165000,HighAlps,Engadin,1861
2830000 / 1185000,HighAlps,Engadin,2627
2830000 / 1190000,HighAlps,Engadin,2242
2830000 / 1195000,HighAlps,Engadin,1352
2830000 / 1200000,HighAlps,Engadin,1578
